RANKING,DISTRICT,STATE,POPULATION,GROWTH,SEX-RATIO,LITERACY,STATE_POPULATION,POPULATION_RATIO,CUSTOMERS_LAKH,EST_CUSTOMERS_LAKH,EST_CUSTOMERS
1,Thane,maharashtra,11060148.0,36.01 %,886,84.53,100887656.0,0.10962835730864834,317.1192,34.76525696703271,3476525.6967032715
2,North Twenty Four Parganas,west bengal,10009781.0,12.04 %,955,84.06,82519780.0,0.12130159581133154,271.2819,32.90692738473006,3290692.738473006
3,Bangalore,karnataka,9621551.0,47.18 %,916,87.67,55415190.0,0.17362659949374892,188.54621,32.736637289734276,3273663.728973428
4,Pune,maharashtra,9429408.0,30.37 %,915,86.15,100887656.0,0.09346443731431325,317.1192,29.639367589565165,2963936.7589565166
5,Mumbai Suburban,maharashtra,9356962.0,8.29 %,860,89.91,100887656.0,0.09274635144660313,317.1192,29.411648773665625,2941164.8773665624
6,South Twenty Four Parganas,west bengal,8161961.0,18.17 %,956,77.51,82519780.0,0.09890914638890215,271.2819,26.832261159759515,2683226.1159759513
7,Barddhaman,west bengal,7717563.0,11.92 %,945,76.21,82519780.0,0.09352379514341895,271.2819,25.371312841717465,2537131.2841717466
8,Ahmadabad,gujarat,7214225.0,24.03 %,904,85.31,54816245.0,0.131607427688635,127.77764,16.81648651652444,1681648.651652444
9,Murshidabad,west bengal,7103807.0,21.09 %,958,66.59,82519780.0,0.08608611171769968,271.2819,23.353603950389836,2335360.395038984
10,Jaipur,rajasthan,6626178.0,26.19 %,910,75.51,68548437.0,0.09666417339318766,183.81359,17.768188735784303,1776818.8735784304
11,Nashik,maharashtra,6107187.0,22.30 %,934,82.31,100887656.0,0.06053453159819671,317.1192,19.19666223279486,1919666.2232794862
12,Surat,gujarat,6081322.0,42.24 %,787,85.53,54816245.0,0.1109401419232565,127.77764,14.175669516218777,1417566.9516218777
13,Allahabad,uttar pradesh,5954391.0,20.63 %,901,72.32,194121100.0,0.030673589836447454,483.43195,14.828593348133973,1482859.3348133974
14,Paschim Medinipur,west bengal,5913457.0,13.86 %,966,78.0,82519780.0,0.07166108537856014,271.2819,19.440355397558015,1944035.5397558014
15,Patna,bihar,5838465.0,23.73 %,897,70.68,89751364.0,0.06505154618040122,229.37885,14.921448853582325,1492144.8853582325
16,Hugli,west bengal,5519145.0,9.46 %,961,81.8,82519780.0,0.06688269164071935,271.2819,18.144063665408463,1814406.3665408464
17,Rangareddy,andhra pradesh,5296741.0,48.16 %,961,75.87,67459740.0,0.07851706810610298,159.52103,12.525123576865697,1252512.3576865697
18,Nadia,west bengal,5167600.0,12.22 %,947,74.97,82519780.0,0.06262256152403703,271.2819,16.98836747310766,1698836.7473107663
19,East Godavari,andhra pradesh,5154296.0,5.16 %,1006,70.99,67459740.0,0.07640551238412718,159.52103,12.188286033193723,1218828.6033193723
20,Purbi Champaran,bihar,5099371.0,29.43 %,902,55.79,89751364.0,0.056816640691945364,229.37885,13.032535702781631,1303253.570278163
21,Purba Medinipur,west bengal,5095875.0,15.36 %,938,87.02,82519780.0,0.06175337597846237,271.2819,16.752573166851633,1675257.3166851632
22,Guntur,andhra pradesh,4887813.0,9.47 %,1003,67.4,67459740.0,0.07245525998173133,159.52103,11.558137701203563,1155813.7701203562
23,Haora,west bengal,4850029.0,13.50 %,939,83.31,82519780.0,0.05877413875800445,271.2819,15.944360033135087,1594436.0033135088
24,Muzaffarpur,bihar,4801062.0,28.14 %,900,63.43,89751364.0,0.053492914046409365,229.37885,12.270143107114226,1227014.3107114227
25,Belgaum,karnataka,4779661.0,13.41 %,973,73.48,55415190.0,0.08625182012368811,188.54621,16.262453789923125,1626245.3789923126
26,Moradabad,uttar pradesh,4772006.0,25.22 %,906,56.77,194121100.0,0.02458262393938629,483.43195,11.884025827134195,1188402.5827134196
27,Ghaziabad,uttar pradesh,4681645.0,42.27 %,881,78.07,194121100.0,0.024117136158820447,483.43195,11.658994161674078,1165899.4161674078
28,Nagpur,maharashtra,4653570.0,14.40 %,951,88.39,100887656.0,0.04612625750765782,317.1192,14.627521879822442,1462752.1879822442
29,Chennai,tamil nadu,4646732.0,6.98 %,989,90.18,69424740.0,0.06693193233420824,237.56601,15.90075210622784,1590075.210622784
30,Azamgarh,uttar pradesh,4613913.0,17.11 %,1019,70.93,194121100.0,0.023768219941057413,483.43195,11.490316914134269,1149031.6914134268
31,Lucknow,uttar pradesh,4589838.0,25.82 %,917,77.29,194121100.0,0.023644199419846683,483.43195,11.43036143172535,1143036.143172535
32,Kanpur Nagar,uttar pradesh,4581268.0,9.92 %,862,79.65,194121100.0,0.02360005172029213,483.43195,11.409019023241678,1140901.9023241678
33,Ahmadnagar,maharashtra,4543159.0,12.44 %,939,79.05,100887656.0,0.04503186197526484,317.1192,14.280468044106405,1428046.8044106404
34,Krishna,andhra pradesh,4517398.0,7.87 %,992,73.74,67459740.0,0.0669643553325287,159.52103,10.682222935930971,1068222.293593097
35,Kolkata,west bengal,4496694.0,-1.67 %,908,86.31,82519780.0,0.05449231687239108,271.2819,14.78277925654431,1478277.925654431
36,Jaunpur,uttar pradesh,4494204.0,14.89 %,1024,71.55,194121100.0,0.023151548183067167,483.43195,11.192198083659116,1119219.8083659117
37,Madhubani,bihar,4487379.0,25.51 %,926,58.62,89751364.0,0.049997891954043173,229.37885,11.468458958842676,1146845.8958842678
38,Sitapur,uttar pradesh,4483992.0,23.88 %,888,61.12,194121100.0,0.02309894184609504,483.43195,11.166766499594324,1116676.6499594324
39,Bareilly,uttar pradesh,4448359.0,22.93 %,887,58.49,194121100.0,0.022915381171856125,483.43195,11.078027404903692,1107802.7404903693
40,Gorakhpur,uttar pradesh,4440895.0,17.81 %,950,70.83,194121100.0,0.02287693094671316,483.43195,11.059439337584887,1105943.9337584886
41,Agra,uttar pradesh,4418797.0,22.05 %,868,71.58,194121100.0,0.022763094789798738,483.43195,11.004407302267243,1100440.7302267242
42,Gaya,bihar,4391418.0,26.43 %,937,63.67,89751364.0,0.04892870486068602,229.37885,11.223210052933569,1122321.005293357
43,Solapur,maharashtra,4317756.0,12.16 %,938,77.02,100887656.0,0.04279766396792884,317.1192,13.57196095937842,1357196.0959378418
44,Visakhapatnam,andhra pradesh,4290589.0,11.96 %,1006,66.91,67459740.0,0.06360221667026882,159.52103,10.145891113524451,1014589.1113524451
45,Samastipur,bihar,4261566.0,25.53 %,911,61.86,89751364.0,0.04748190790727147,229.37885,10.891345431575836,1089134.5431575836
46,Jalgaon,maharashtra,4229917.0,14.86 %,925,78.2,100887656.0,0.041927002447157656,317.1192,13.295857474440677,1329585.7474440676
47,Chittoor,andhra pradesh,4174064.0,11.43 %,997,71.53,67459740.0,0.06187489011964766,159.52103,9.870346203023018,987034.6203023018
48,Vadodara,gujarat,4165626.0,14.38 %,934,78.92,54816245.0,0.07599254564043925,127.77764,9.710148139527616,971014.8139527616
49,Muzaffarnagar,uttar pradesh,4143512.0,16.94 %,889,69.12,194121100.0,0.02134498516647598,483.43195,10.318847801750557,1031884.7801750557
50,Malappuram,kerala,4112920.0,13.45 %,1098,93.57,30596127.0,0.13442616446192684,98.12904,13.191110469530999,1319111.0469531
51,Hardoi,uttar pradesh,4092845.0,20.44 %,868,64.57,194121100.0,0.02108397799105816,483.43195,10.192668593974329,1019266.8593974329
52,Anantapur,andhra pradesh,4081148.0,12.10 %,977,63.57,67459740.0,0.060497535270666626,159.52103,9.650629138838068,965062.9138838069
53,Raipur,chhattisgarh,4063872.0,34.70 %,984,75.56,25545198.0,0.1590855549446123,63.27871,10.066728696529188,1006672.8696529188
54,Kurnool,andhra pradesh,4053463.0,14.85 %,988,59.97,67459740.0,0.06008714234593848,159.52103,9.585162836780723,958516.2836780724
55,Mahbubnagar,andhra pradesh,4053028.0,15.34 %,977,55.04,67459740.0,0.060080694055447,159.52103,9.584134198839783,958413.4198839782
56,Kheri,uttar pradesh,4021243.0,25.38 %,894,60.56,194121100.0,0.020715125764278072,483.43195,10.014353642720188,1001435.3642720188
57,Kancheepuram,tamil nadu,3998252.0,38.95 %,986,84.49,69424740.0,0.05759116994892599,237.56601,13.681704455998252,1368170.4455998251
58,Maldah,west bengal,3988845.0,21.22 %,944,61.73,82519780.0,0.04833804695068261,271.2819,13.113237219070385,1311323.7219070385
59,Saran,bihar,3951862.0,21.64 %,954,65.96,89751364.0,0.04403121940297197,229.37885,10.099830470751398,1009983.0470751398
60,Hyderabad,andhra pradesh,3943323.0,2.97 %,954,83.25,67459740.0,0.058454464840807276,159.52103,9.324716439504362,932471.6439504363
61,Darbhanga,bihar,3937385.0,19.47 %,911,56.56,89751364.0,0.04386991823322039,229.37885,10.062831393930125,1006283.1393930125
62,West Godavari,andhra pradesh,3936966.0,3.51 %,1004,74.63,67459740.0,0.05836023085769379,159.52103,9.309684137457097,930968.4137457097
63,Vellore,tamil nadu,3936331.0,13.20 %,1007,79.17,69424740.0,0.05669925447326126,237.56601,13.469815655187329,1346981.5655187329
64,Pashchim Champaran,bihar,3935042.0,29.29 %,909,55.7,89751364.0,0.04384381278038293,229.37885,10.056843355179538,1005684.3355179538
65,Kolhapur,maharashtra,3876001.0,10.01 %,957,81.51,100887656.0,0.03841898160464745,317.1192,12.183396711280514,1218339.6711280514
66,Jalpaiguri,west bengal,3872846.0,13.87 %,953,73.25,82519780.0,0.046932335495804764,271.2819,12.73189314473936,1273189.3144739359
67,Rajkot,gujarat,3804558.0,20.02 %,927,80.96,54816245.0,0.0694056661487849,127.77764,8.868492223119624,886849.2223119624
68,Sultanpur,uttar pradesh,3797117.0,18.11 %,983,69.27,194121100.0,0.01956055781674429,483.43195,9.456198608436434,945619.8608436434
69,Karimnagar,andhra pradesh,3776269.0,8.15 %,1008,64.15,67459740.0,0.055978113760889084,159.52103,8.9296863645942,892968.6364594201
70,Thiruvallur,tamil nadu,3728104.0,35.33 %,987,84.03,69424740.0,0.05369993463425286,237.56601,12.757279208320263,1275727.9208320263
71,Aurangabad,maharashtra,3701282.0,27.76 %,923,79.02,100887656.0,0.036687164185874234,317.1192,11.634204156893087,1163420.4156893087
72,Jodhpur,rajasthan,3687165.0,27.74 %,916,65.94,68548437.0,0.05378919142970393,183.81359,9.887184379891112,988718.4379891112
73,Bijnor,uttar pradesh,3682713.0,17.60 %,917,68.48,194121100.0,0.018971214360520315,483.43195,9.171291152174339,917129.1152174339
74,Budaun,uttar pradesh,3681896.0,19.95 %,871,51.29,194121100.0,0.018967005647505603,483.43195,9.169256525834646,916925.6525834646
75,Varanasi,uttar pradesh,3676841.0,17.15 %,913,75.6,194121100.0,0.01894096520161899,483.43195,9.15666774230081,915666.774230081
76,Alwar,rajasthan,3674179.0,22.78 %,895,70.72,68548437.0,0.05359974874408879,183.81359,9.852362239748953,985236.2239748952
77,Aligarh,uttar pradesh,3673889.0,22.78 %,882,67.52,194121100.0,0.018925758199392028,483.43195,9.149316191560576,914931.6191560576
78,North West Delhi,delhi,3656539.0,27.81 %,865,84.45,14056012.0,0.2601405718777133,56.89812,14.801509475566755,1480150.9475566754
79,Ghazipur,uttar pradesh,3620268.0,19.18 %,952,71.78,194121100.0,0.018649533718900213,483.43195,9.015780452318682,901578.0452318682
80,Bankura,west bengal,3596674.0,12.65 %,957,70.26,82519780.0,0.04358559850741241,271.2819,11.823983975728002,1182398.3975728
81,Kushinagar,uttar pradesh,3564544.0,23.20 %,961,65.25,194121100.0,0.018362475794748742,483.43195,8.877007480283183,887700.7480283183
82,Ganjam,odisha,3529031.0,11.66 %,983,71.09,41974218.0,0.08407615836940667,100.56142,8.45481787377242,845481.787377242
83,Warangal,andhra pradesh,3512576.0,8.21 %,997,65.11,67459740.0,0.05206921935957654,159.52103,8.30613550353559,830613.550353559
84,Birbhum,west bengal,3502404.0,16.15 %,956,70.68,82519780.0,0.04244320573806668,271.2819,11.514073494713632,1151407.3494713632
85,Bulandshahar,uttar pradesh,3499171.0,20.12 %,896,68.88,194121100.0,0.018025711785066127,483.43195,8.714204998392498,871420.4998392498
86,Ludhiana,punjab,3498739.0,15.36 %,873,82.2,27743338.0,0.12611096040425993,96.34554,12.15022858006704,1215022.858006704
87,Vaishali,bihar,3495021.0,28.57 %,895,66.6,89751364.0,0.0389411463429124,229.37885,8.932275365818953,893227.5365818953
88,Nalgonda,andhra pradesh,3488809.0,7.41 %,983,64.2,67459740.0,0.051716905520240664,159.52103,8.249934037001477,824993.4037001478
89,Bahraich,uttar pradesh,3487731.0,46.48 %,892,49.36,194121100.0,0.017966779500013137,483.43195,8.685715248911375,868571.5248911375
90,Salem,tamil nadu,3482056.0,15.44 %,954,72.86,69424740.0,0.05015583781804584,237.56601,11.915322268640256,1191532.2268640257
91,Saharanpur,uttar pradesh,3466382.0,19.66 %,890,70.49,194121100.0,0.01785680175931416,483.43195,8.632548495268674,863254.8495268674
92,Viluppuram,tamil nadu,3458873.0,16.84 %,987,71.88,69424740.0,0.049821907867425935,237.56601,11.835991862651989,1183599.186265199
93,Coimbatore,tamil nadu,3458045.0,18.56 %,1000,83.98,69424740.0,0.04980998128332926,237.56601,11.833158511655212,1183315.8511655212
94,Meerut,uttar pradesh,3443689.0,14.89 %,886,72.84,194121100.0,0.01773990050540616,483.43195,8.576034694134485,857603.4694134485
95,Gonda,uttar pradesh,3433919.0,24.17 %,921,58.71,194121100.0,0.017689571097629263,483.43195,8.551703850390554,855170.3850390554
96,Sitamarhi,bihar,3423574.0,27.62 %,899,52.05,89751364.0,0.03814509158880304,229.37885,8.749677241784314,874967.7241784313
97,Rae Bareli,uttar pradesh,3405559.0,18.56 %,943,67.25,194121100.0,0.017543476726641256,483.43195,8.4810771637398,848107.7163739799
98,Prakasam,andhra pradesh,3397448.0,11.05 %,981,63.08,67459740.0,0.050362601456809646,159.52103,8.033894057869775,803389.4057869775
99,Nanded,maharashtra,3361292.0,16.86 %,943,75.45,100887656.0,0.03331717806983245,317.1192,10.565516855762809,1056551.6855762808
100,Durg,chhattisgarh,3343872.0,18.98 %,988,79.06,25545198.0,0.13090021850682074,63.27871,8.283196965829742,828319.6965829742
101,Siwan,bihar,3330464.0,22.70 %,988,69.45,89751364.0,0.03710767002939365,229.37885,8.511714677521782,851171.4677521782
102,Nagaur,rajasthan,3307743.0,19.20 %,950,62.8,68548437.0,0.04825409804748721,183.81359,8.869758994320614,886975.8994320615
103,Thiruvananthapuram,kerala,3301427.0,2.07 %,1087,93.02,30596127.0,0.10790342843066379,98.12904,10.588459844609744,1058845.9844609743
104,Ernakulam,kerala,3282388.0,5.69 %,1027,95.89,30596127.0,0.10728116012853522,98.12904,10.527397253499439,1052739.7253499439
105,Indore,madhya pradesh,3276697.0,32.88 %,928,80.87,72626809.0,0.04511690717404368,175.03763,7.897156504674603,789715.6504674603
106,Purnia,bihar,3264619.0,28.33 %,921,51.08,89751364.0,0.03637403215398487,229.37885,8.343433665344072,834343.3665344073
107,Barabanki,uttar pradesh,3260699.0,21.96 %,910,61.75,194121100.0,0.01679724151573425,483.43195,8.120323220572365,812032.3220572365
108,Ballia,uttar pradesh,3239774.0,17.31 %,937,70.94,194121100.0,0.016689447978607167,483.43195,8.06821238072162,806821.238072162
109,Pratapgarh,uttar pradesh,3209141.0,17.50 %,998,70.09,194121100.0,0.016531644421961342,483.43195,7.991925099615394,799192.5099615394
110,Thrissur,kerala,3121200.0,4.94 %,1108,95.08,30596127.0,0.10201291163420782,98.12904,10.010429086269646,1001042.9086269645
111,Banaskantha,gujarat,3120506.0,24.61 %,938,65.32,54816245.0,0.056926664714082476,127.77764,7.273954870236734,727395.4870236734
112,Unnao,uttar pradesh,3108367.0,15.11 %,907,66.37,194121100.0,0.01601251486829613,483.43195,7.740961287184391,774096.1287184391
113,Deoria,uttar pradesh,3100946.0,14.31 %,1017,71.13,194121100.0,0.015974286154364466,483.43195,7.7224803054624145,772248.0305462414
114,Kozhikode,kerala,3086293.0,7.20 %,1098,95.08,30596127.0,0.1008720155985756,98.12904,9.89847405355325,989847.405355325
115,Mumbai City,maharashtra,3085411.0,-7.57 %,832,89.21,100887656.0,0.03058264134910618,317.1192,9.698342758515471,969834.2758515471
116,Tirunelveli,tamil nadu,3077233.0,12.97 %,1023,82.5,69424740.0,0.044324732076778395,237.56601,10.530049743799257,1053004.9743799258
117,Katihar,bihar,3071029.0,28.35 %,919,52.24,89751364.0,0.034217073291498944,229.37885,7.848672921969743,784867.2921969743
118,Udaipur,rajasthan,3068420.0,23.69 %,958,61.82,68548437.0,0.04476280035385781,183.81359,8.228011031495875,822801.1031495875
119,Madurai,tamil nadu,3038252.0,17.84 %,990,83.45,69424740.0,0.043763246358574766,237.56601,10.396659822053637,1039665.9822053637
120,Bhagalpur,bihar,3037766.0,25.36 %,880,63.14,89751364.0,0.03384646053958578,229.37885,7.763662195140566,776366.2195140566
151,Sikar,rajasthan,2677333.0,17.03 %,947,71.91,68548437.0,0.03905753533082016,183.81359,7.179305785709891,717930.5785709891
152,Bilaspur,chhattisgarh,2663629.0,33.29 %,971,70.78,25545198.0,0.10427122154230317,63.27871,6.598148389321155,659814.8389321155
153,Kollam,kerala,2635375.0,1.94 %,1113,94.09,30596127.0,0.08613426790913765,98.12904,8.452273021026485,845227.3021026485
154,Raigarh,maharashtra,2634200.0,19.31 %,959,83.14,100887656.0,0.02611023096819694,317.1192,8.280055556449838,828005.5556449838
155,Fatehpur,uttar pradesh,2632733.0,14.05 %,901,67.43,194121100.0,0.013562322694441768,483.43195,6.556460106703238,655646.0106703237
156,Cuttack,odisha,2624470.0,12.10 %,940,85.5,41974218.0,0.06252576283851197,100.56142,6.287679497623994,628767.9497623994
157,Cuddalore,tamil nadu,2605914.0,14.02 %,987,78.04,69424740.0,0.03753581216148595,237.56601,8.917233127313693,891723.3127313693
158,Barmer,rajasthan,2603751.0,32.52 %,902,56.53,68548437.0,0.03798410458286598,183.81359,6.981994626312049,698199.4626312049
159,Buldana,maharashtra,2586258.0,15.85 %,934,83.4,100887656.0,0.025635029125862532,317.1192,8.129359928370224,812935.9928370224
160,Bid,maharashtra,2585049.0,19.61 %,916,76.99,100887656.0,0.025623045499243238,317.1192,8.125559690283616,812555.9690283616
161,Ajmer,rajasthan,2583052.0,18.40 %,951,69.33,68548437.0,0.03768214292034113,183.81359,6.926489969080988,692648.9969080988
162,Gulbarga,karnataka,2566326.0,18.01 %,971,64.85,55415190.0,0.04631087613342118,188.54621,8.731740176736018,873174.0176736019
163,Gopalganj,bihar,2562012.0,19.02 %,1021,65.47,89751364.0,0.02854566087708706,229.37885,6.547770864476221,654777.0864476222
164,Siddharth Nagar,uttar pradesh,2559297.0,25.45 %,976,59.25,194121100.0,0.013184022756928536,483.43195,6.3735778302263375,637357.7830226338
165,Nizamabad,andhra pradesh,2551335.0,8.77 %,1040,61.25,67459740.0,0.03782011315193329,159.52103,6.033103404712945,603310.3404712945
166,Bharatpur,rajasthan,2548462.0,21.29 %,880,70.11,68548437.0,0.03717753622887127,183.81359,6.833736401583891,683373.6401583891
167,Mathura,uttar pradesh,2547184.0,22.78 %,863,70.36,194121100.0,0.013121623563847516,483.43195,6.343412066636754,634341.2066636754
168,West Delhi,delhi,2543243.0,19.46 %,875,86.98,14056012.0,0.18093631394167847,56.89812,10.294936103011295,1029493.6103011295
169,Aurangabad,bihar,2540073.0,26.18 %,926,70.32,89751364.0,0.028301218909608995,229.37885,6.491701047084366,649170.1047084365
170,Kannur,kerala,2523003.0,4.73 %,1136,95.1,30596127.0,0.0824615154722034,98.12904,8.091869350232466,809186.9350232466
171,Mayurbhanj,odisha,2519738.0,13.33 %,1006,63.17,41974218.0,0.0600306121248048,100.56142,6.036763598739588,603676.3598739589
172,Firozabad,uttar pradesh,2498156.0,21.69 %,875,71.92,194121100.0,0.012869059571576712,483.43195,6.221314563353494,622131.4563353494
173,Mirzapur,uttar pradesh,2496970.0,18.00 %,903,68.48,194121100.0,0.01286294998328363,483.43195,6.218360993171272,621836.0993171273
174,Amritsar,punjab,2490656.0,15.47 %,889,76.27,27743338.0,0.08977492182087102,96.34554,8.649413321289602,864941.3321289602
175,Tiruppur,tamil nadu,2479052.0,29.11 %,989,78.68,69424740.0,0.035708480867195184,237.56601,8.4831213227809,848312.13227809
176,Faizabad,uttar pradesh,2470996.0,18.29 %,962,68.73,194121100.0,0.012729146908811046,483.43195,6.153676311962996,615367.6311962996
177,Tiruvannamalai,tamil nadu,2464875.0,12.75 %,994,74.21,69424740.0,0.035504274124757255,237.56601,8.434608741764823,843460.8741764823
178,Basti,uttar pradesh,2464464.0,18.21 %,963,67.22,194121100.0,0.012695497810387434,483.43195,6.137409262696328,613740.9262696328
179,Jabalpur,madhya pradesh,2463289.0,14.51 %,929,81.07,72626809.0,0.03391707599324652,175.03763,5.936764598387767,593676.4598387767
180,Latur,maharashtra,2454196.0,17.97 %,928,77.26,100887656.0,0.024326028548031686,317.1192,7.714250712328969,771425.0712328969
181,Bellary,karnataka,2452595.0,20.99 %,983,67.43,55415190.0,0.044258532723608815,188.54621,8.344778605197419,834477.8605197419
182,Giridih,jharkhand,2445474.0,28.41 %,944,63.14,27389394.0,0.08928543654525543,66.23467,5.913791425380933,591379.1425380933
183,Sabarkantha,gujarat,2428589.0,16.62 %,952,75.79,54816245.0,0.04430418391482306,127.77764,5.661084062762052,566108.4062762052
184,Bhilwara,rajasthan,2408523.0,19.60 %,973,61.37,68548437.0,0.03513607465623177,183.81359,6.458488021069977,645848.8021069977
185,Thanjavur,tamil nadu,2405890.0,8.56 %,1035,82.64,69424740.0,0.03465464904873969,237.56601,8.232766702459383,823276.6702459382
186,Ambedkar Nagar,uttar pradesh,2397888.0,18.30 %,978,72.23,194121100.0,0.01235253663821192,483.43195,5.971610874457233,597161.0874457232
187,PanchMahal,gujarat,2390776.0,18.05 %,949,70.99,54816245.0,0.04361437015614623,127.77764,5.572941288638797,557294.1288638797
188,Sagar,madhya pradesh,2378458.0,17.63 %,893,76.46,72626809.0,0.03274903624087353,175.03763,5.732313688386612,573231.3688386612
189,Bhopal,madhya pradesh,2371061.0,28.62 %,918,80.37,72626809.0,0.03264718679847273,175.03763,5.714486203371954,571448.6203371953
190,Rewa,madhya pradesh,2365106.0,19.86 %,931,71.62,72626809.0,0.03256519228319669,175.03763,5.700134077745037,570013.4077745037
191,Bikaner,rajasthan,2363937.0,41.19 %,905,65.13,68548437.0,0.0344856440709217,183.81359,6.338930040138333,633893.0040138334
192,Surguja,chhattisgarh,2359886.0,19.66 %,978,60.01,25545198.0,0.09238080675671412,63.27871,5.845738280324153,584573.8280324154
193,Vizianagaram,andhra pradesh,2344474.0,4.23 %,1019,58.89,67459740.0,0.03475367678559093,159.52103,5.5439423171245545,554394.2317124555
194,Rampur,uttar pradesh,2335819.0,21.42 %,909,53.34,194121100.0,0.012032792931834818,483.43195,5.817036550983123,581703.6550983123
195,Baleshwar,odisha,2320529.0,14.62 %,957,79.79,41974218.0,0.05528462733957307,100.56142,5.55950062943829,555950.062943829
196,Kheda,gujarat,2299885.0,13.62 %,940,82.65,54816245.0,0.04195626679645788,127.77764,5.361072754461748,536107.2754461748
197,Gurdaspur,punjab,2298323.0,9.26 %,895,79.95,27743338.0,0.0828423385823292,96.34554,7.981489845577341,798148.9845577341
198,Purbi Singhbhum,jharkhand,2293919.0,15.68 %,949,75.49,27389394.0,0.08375209031641956,66.23467,5.547292063918245,554729.2063918244
199,South West Delhi,delhi,2292958.0,30.65 %,840,88.28,14056012.0,0.16313005424298158,56.89812,9.281793401923675,928179.3401923676
200,Erode,tamil nadu,2251744.0,11.66 %,993,72.58,69424740.0,0.032434316642741476,237.56601,7.705291191892688,770529.1191892688
201,Khordha,odisha,2251673.0,19.94 %,929,86.88,41974218.0,0.05364419177505582,100.56142,5.394536099651933,539453.6099651933
202,North East Delhi,delhi,2241624.0,26.78 %,886,83.09,14056012.0,0.15947795149861851,56.89812,9.073995621722576,907399.5621722576
203,Supaul,bihar,2229076.0,28.66 %,929,57.67,89751364.0,0.02483612393901891,229.37885,5.696881547589627,569688.1547589627
204,Satna,madhya pradesh,2228935.0,19.19 %,926,72.26,72626809.0,0.030690251033884747,175.03763,5.3719488050762365,537194.8805076237
205,Nawada,bihar,2219146.0,22.63 %,939,59.76,89751364.0,0.024725484951961287,229.37885,5.671503303973185,567150.3303973185
206,Mau,uttar pradesh,2205968.0,18.98 %,979,73.09,194121100.0,0.01136387543651875,483.43195,5.49366046183336,549366.0461833361
207,Chandrapur,maharashtra,2204307.0,6.43 %,961,80.01,100887656.0,0.021849124931597182,317.1192,6.928777019008153,692877.7019008152
208,Jalandhar,punjab,2193590.0,11.76 %,915,82.48,27743338.0,0.07906727013166188,96.34554,7.617778837160835,761777.8837160835
209,Dhar,madhya pradesh,2185793.0,25.60 %,964,59.0,72626809.0,0.03009622796452478,175.03763,5.267972414850141,526797.2414850141
210,Bijapur,karnataka,2177331.0,20.50 %,960,67.15,55415190.0,0.03929123043699751,188.54621,7.4082125851325245,740821.2585132525
211,Jamnagar,gujarat,2160119.0,13.44 %,939,73.65,54816245.0,0.039406548186582284,127.77764,5.035275727827764,503527.5727827764
212,Dindigul,tamil nadu,2159775.0,12.31 %,998,76.26,69424740.0,0.031109587158698757,237.56601,7.390580494039301,739058.0494039301
213,Balrampur,uttar pradesh,2148665.0,27.72 %,928,49.51,194121100.0,0.011068683414631382,483.43195,5.350955207067908,535095.5207067907
214,Jhunjhunun,rajasthan,2137045.0,11.67 %,950,74.13,68548437.0,0.031175692598213435,183.81359,5.730515977214039,573051.5977214039
215,Alappuzha,kerala,2127789.0,0.88 %,1100,95.72,30596127.0,0.06954439037333059,98.12904,6.824324264720172,682432.4264720172
216,Dohad,gujarat,2127086.0,29.98 %,990,58.82,54816245.0,0.038803934855442944,127.77764,4.958275218542241,495827.5218542241
217,Sundargarh,odisha,2093437.0,14.35 %,973,73.34,41974218.0,0.049874353823578084,100.56142,5.015435842081441,501543.5842081441
218,Anand,gujarat,2092745.0,12.70 %,925,84.37,54816245.0,0.03817745998471803,127.77764,4.8782257380417064,487822.57380417065
219,Kachchh,gujarat,2092371.0,32.16 %,908,70.59,54816245.0,0.038170637189760076,127.77764,4.877353937403775,487735.3937403775
220,Chhindwara,madhya pradesh,2090922.0,13.07 %,964,71.16,72626809.0,0.028789947249369032,175.03763,5.039324134354574,503932.41343545745
221,Dakshina Kannada,karnataka,2089649.0,10.11 %,1020,88.57,55415190.0,0.037708956695808496,188.54621,7.109880868048815,710988.0868048815
222,Bokaro,jharkhand,2062330.0,16.01 %,922,72.01,27389394.0,0.07529666410290056,66.23467,4.9872496989564645,498724.96989564644
223,Dhule,maharashtra,2050862.0,20.08 %,946,72.8,100887656.0,0.020328175728455817,317.1192,6.446454824467326,644645.4824467326
224,Churu,rajasthan,2039547.0,6.01 %,940,66.75,68548437.0,0.0297533698689585,183.81359,5.4690737302110914,546907.3730211091
225,Pali,rajasthan,2037573.0,11.94 %,987,62.39,68548437.0,0.02972457271345224,183.81359,5.463780421675698,546378.0421675697
226,Mahesana,gujarat,2035064.0,10.73 %,926,83.61,54816245.0,0.03712519892597532,127.77764,4.743770303291662,474377.03032916615
227,Banka,bihar,2034763.0,26.48 %,907,58.17,89751364.0,0.022671109488653564,229.37885,5.200273022731443,520027.30227314425
228,Gwalior,madhya pradesh,2032036.0,24.50 %,864,76.65,72626809.0,0.027979144726019835,175.03763,4.897403182269511,489740.3182269511
229,Pilibhit,uttar pradesh,2031007.0,23.45 %,895,61.47,194121100.0,0.010462577226277824,483.43195,5.057944110525079,505794.4110525079
230,Firozpur,punjab,2029074.0,16.21 %,893,68.92,27743338.0,0.07313734201702765,96.34554,7.046456710795218,704645.6710795219
231,Madhepura,bihar,2001762.0,31.12 %,911,52.25,89751364.0,0.022303415912431148,229.37885,5.115931893065158,511593.18930651573
232,Jhansi,uttar pradesh,1998603.0,14.54 %,890,75.05,194121100.0,0.010295650498580526,483.43195,4.977246397047256,497724.63970472553
233,Ujjain,madhya pradesh,1986864.0,16.12 %,955,72.34,72626809.0,0.027357170545658973,175.03763,4.7885342958179535,478853.42958179535
234,Kottayam,kerala,1974551.0,1.07 %,1039,97.21,30596127.0,0.06453597868776005,98.12904,6.332853634090354,633285.3634090354
235,Ganganagar,rajasthan,1969168.0,10.04 %,887,69.64,68548437.0,0.02872666520463479,183.81359,5.280351459992006,528035.1459992005
236,Morena,madhya pradesh,1965970.0,23.44 %,840,71.03,72626809.0,0.027069480637652688,175.03763,4.738177736145615,473817.7736145615
237,Jalna,maharashtra,1959046.0,21.46 %,937,71.52,100887656.0,0.019418094122436544,317.1192,6.157850473631778,615785.0473631778
238,Chandauli,uttar pradesh,1952756.0,18.83 %,918,71.48,194121100.0,0.010059473184522445,483.43195,4.863070737566395,486307.0737566395
239,Kota,rajasthan,1951014.0,24.39 %,911,76.56,68548437.0,0.02846183057390499,183.81359,5.231671255761237,523167.12557612365
240,Dhubri,assam,1949258.0,24.44 %,953,58.34,28381808.0,0.06867983886016,91.78502,6.303780383376563,630378.0383376563
241,Davanagere,karnataka,1945497.0,8.63 %,972,75.74,55415190.0,0.03510764828199633,188.54621,6.619414025583419,661941.4025583419
242,Virudhunagar,tamil nadu,1942288.0,10.91 %,1007,80.15,69424740.0,0.027976885473391763,237.56601,6.646357054140642,664635.7054140642
243,Palamu,jharkhand,1939869.0,26.17 %,928,63.63,27389394.0,0.07082555386219937,66.23467,4.69110718763,469110.71876300004
244,Raichur,karnataka,1928812.0,15.51 %,1000,59.56,55415190.0,0.034806557552180185,188.54621,6.562644509610451,656264.4509610451
245,Sonitpur,assam,1924110.0,15.55 %,956,67.34,28381808.0,0.06779377832448165,91.78502,6.222453299388115,622245.3299388115
246,Saharsa,bihar,1900661.0,26.02 %,906,53.2,89751364.0,0.021176959494454035,229.37885,4.857546615334448,485754.6615334448
247,Patiala,punjab,1895686.0,19.62 %,891,75.28,27743338.0,0.06832941299276965,96.34554,6.583234192671408,658323.4192671408
248,Haridwar,uttarakhand,1890422.0,30.63 %,880,73.43,10086292.0,0.18742487328346236,32.27033,6.048262511065514,604826.2511065514
249,Bagalkot,karnataka,1889752.0,14.40 %,989,68.82,55415190.0,0.03410169666475925,188.54621,6.4297456607099965,642974.5660709996
250,Farrukhabad,uttar pradesh,1885204.0,20.05 %,874,69.04,194121100.0,0.00971148422299276,483.43195,4.6948417553156245,469484.1755315625
251,Krishnagiri,tamil nadu,1879809.0,20.41 %,958,71.46,69424740.0,0.027076932517140145,237.56601,6.432558821136241,643255.8821136241
252,West Nimar,madhya pradesh,1873046.0,22.85 %,965,62.7,72626809.0,0.025790008204821444,175.03763,4.5142219138525,451422.19138525
253,Kanniyakumari,tamil nadu,1870374.0,11.60 %,1019,91.75,69424740.0,0.026941029955603723,237.56601,6.400272991843254,640027.2991843254
254,Mainpuri,uttar pradesh,1868529.0,17.02 %,881,75.99,194121100.0,0.009625584235819806,483.43195,4.653314957011628,465331.4957011628
255,Sonbhadra,uttar pradesh,1862559.0,27.27 %,918,64.03,194121100.0,0.009594830237413655,483.43195,4.638447491591846,463844.7491591846
256,Dharwad,karnataka,1847023.0,15.13 %,971,80.0,55415190.0,0.03333062649428794,188.54621,6.284363302423578,628436.3302423578
257,Darjiling,west bengal,1846823.0,14.77 %,970,79.56,82519780.0,0.022380367470683997,271.2819,6.071388610145349,607138.861014535
258,Jyotiba Phule Nagar,uttar pradesh,1840221.0,22.76 %,910,63.84,194121100.0,0.009479757738854766,483.43195,4.5828177692221495,458281.77692221495
259,Parbhani,maharashtra,1836086.0,20.19 %,947,73.34,100887656.0,0.018199312708781737,317.1192,5.771351486758697,577135.1486758697
260,Jalor,rajasthan,1828730.0,26.21 %,952,54.86,68548437.0,0.026677924107883014,183.81359,4.903765004017524,490376.5004017524
261,Jajapur,odisha,1827192.0,12.49 %,973,80.13,41974218.0,0.043531293423977546,100.56142,4.377568681151844,437756.8681151844
262,Akola,maharashtra,1813906.0,11.27 %,946,88.05,100887656.0,0.017979464207196965,317.1192,5.701633305814935,570163.3305814936
263,Faridabad,haryana,1809733.0,32.54 %,873,81.7,25351462.0,0.07138574493258022,82.60045,5.896494655016346,589649.4655016345
264,Mandya,karnataka,1805769.0,2.38 %,995,70.4,55415190.0,0.03258617357442968,188.54621,6.1439995258608695,614399.9525860869
265,Kendujhar,odisha,1801733.0,15.35 %,988,68.24,41974218.0,0.0429247544290164,100.56142,4.316574258533178,431657.42585331784
266,Banda,uttar pradesh,1799410.0,17.05 %,863,66.67,194121100.0,0.009269522993636446,483.43195,4.481183576383504,448118.3576383504
267,Banswara,rajasthan,1797485.0,26.53 %,980,56.33,68548437.0,0.02622211502794732,183.81359,4.819981100679947,481998.11006799474
268,Ramabai Nagar,uttar pradesh,1796184.0,14.89 %,865,75.78,194121100.0,0.009252904501365384,483.43195,4.473149666258845,447314.96662588447
269,Hassan,karnataka,1776421.0,3.18 %,1010,76.07,55415190.0,0.03205657149240127,188.54621,6.044145060486303,604414.5060486303
270,Hanumangarh,rajasthan,1774692.0,16.91 %,906,67.13,68548437.0,0.025889605622955343,183.81359,4.758861353239608,475886.1353239608
271,Etah,uttar pradesh,1774480.0,13.62 %,873,70.81,194121100.0,0.009141098005317299,483.43195,4.419098833851652,441909.8833851652
272,Chhattarpur,madhya pradesh,1762375.0,19.51 %,883,63.74,72626809.0,0.02426617697054541,175.03763,4.247494106084848,424749.4106084848
273,Jamui,bihar,1760405.0,25.85 %,922,59.79,89751364.0,0.019614242297197847,229.37885,4.4990923417526005,449909.23417526006
274,Surendranagar,gujarat,1756268.0,15.91 %,930,72.13,54816245.0,0.032039188382932834,127.77764,4.093891879086574,409389.1879086574
275,Shimoga,karnataka,1752753.0,6.71 %,998,80.45,55415190.0,0.03162946838222516,188.54621,5.963616387783386,596361.6387783386
276,Thoothukkudi,tamil nadu,1750176.0,11.32 %,1023,86.16,69424740.0,0.02520968749756931,237.56601,5.988964872144426,598896.4872144426
277,Hisar,haryana,1743931.0,13.45 %,872,72.89,25351462.0,0.06879015498198882,82.60045,5.682097757082018,568209.7757082018
278,Cachar,assam,1736617.0,20.19 %,959,79.34,28381808.0,0.061187680502947525,91.78502,5.616112478716649,561611.2478716648
279,Hazaribagh,jharkhand,1734495.0,20.65 %,947,69.75,27389394.0,0.0633272499566803,66.23467,4.194459502888234,419445.95028882346
280,Namakkal,tamil nadu,1726601.0,15.61 %,986,74.63,69424740.0,0.024870111144816676,237.56601,5.90829307293063,590829.307293063
281,Shivpuri,madhya pradesh,1726050.0,22.76 %,877,62.55,72626809.0,0.02376601731187171,175.03763,4.159947344808995,415994.7344808995
282,West Tripura,tripura,1725739.0,12.57 %,962,88.69,3673917.0,0.46972726928779285,8.46068,3.974212112717843,397421.2112717843
283,Sant Kabir Nagar,uttar pradesh,1715183.0,20.77 %,972,66.72,194121100.0,0.008835634044933807,483.43195,4.271427795828737,427142.77958287374
284,East Delhi,delhi,1709346.0,16.79 %,884,89.31,14056012.0,0.1216096002194648,56.89812,6.919357626439135,691935.7626439135
285,Buxar,bihar,1706352.0,21.67 %,922,70.14,89751364.0,0.019011989611656486,229.37885,4.3609483133337115,436094.83133337117
286,Valsad,gujarat,1705678.0,20.92 %,922,78.55,54816245.0,0.031116286786882247,127.77764,3.9759656911909964,397596.56911909964
287,Bidar,karnataka,1703300.0,13.37 %,956,70.51,55415190.0,0.0307370596401456,188.54621,5.795356101693417,579535.6101693417
288,Bhind,madhya pradesh,1703005.0,19.21 %,837,75.26,72626809.0,0.02344871024142063,175.03763,4.104406667214995,410440.6667214995
289,Balaghat,madhya pradesh,1701698.0,13.60 %,1021,77.09,72626809.0,0.023430714132022516,175.03763,4.101256670876729,410125.66708767286
290,Puri,odisha,1698730.0,13.05 %,963,84.67,41974218.0,0.04047079566795026,100.56142,4.069800680898926,406980.0680898926
291,Dehradun,uttarakhand,1696694.0,32.33 %,902,84.25,10086292.0,0.16821781483224954,32.27033,5.428444396515587,542844.4396515588
292,Barpeta,assam,1693622.0,21.43 %,953,63.81,28381808.0,0.05967280167634141,91.78502,5.47706929531903,547706.929531903
293,Kishanganj,bihar,1690400.0,30.40 %,950,55.46,89751364.0,0.01883425415127953,229.37885,4.320179557828224,432017.9557828224
294,Jalaun,uttar pradesh,1689974.0,16.19 %,865,73.75,194121100.0,0.008705771809452966,483.43195,4.208648242098875,420864.82420988753
295,Dakshin Dinajpur,west bengal,1676276.0,11.52 %,956,72.82,82519780.0,0.020313626623822797,271.2819,5.510719226401234,551071.9226401234
296,Khagaria,bihar,1666886.0,30.19 %,886,57.92,89751364.0,0.018572263703981146,229.37885,4.260084490315935,426008.4490315935
297,Chitradurga,karnataka,1659456.0,9.33 %,974,73.71,55415190.0,0.029945868632770184,188.54621,5.6461800358667,564618.00358667
298,Osmanabad,maharashtra,1657576.0,11.50 %,924,78.44,100887656.0,0.016429918839624937,317.1192,5.210242718486788,521024.2718486788
299,Kannauj,uttar pradesh,1656616.0,19.27 %,879,72.7,194121100.0,0.008533930623718905,483.43195,4.125574722589146,412557.4722589146
300,Sangrur,punjab,1655169.0,12.35 %,885,67.99,27743338.0,0.05966005244213944,96.34554,5.747979968966243,574797.9968966243
301,Balangir,odisha,1648997.0,23.32 %,987,64.72,41974218.0,0.03928594929392133,100.56142,3.9506508470447264,395065.0847044726
302,Udham Singh Nagar,uttarakhand,1648902.0,33.45 %,920,73.1,10086292.0,0.16347950267551248,32.27033,5.27553749957467,527553.7499574671
303,Nandurbar,maharashtra,1648295.0,25.66 %,978,64.38,100887656.0,0.016337925424692194,317.1192,5.181069840338049,518106.9840338049
304,Gautam Buddha Nagar,uttar pradesh,1648115.0,37.11 %,851,80.12,194121100.0,0.008490138372387133,483.43195,4.104404149132938,410440.4149132938
305,Bhiwani,haryana,1634445.0,14.70 %,886,75.21,25351462.0,0.06447142969506059,82.60045,5.325369104955367,532536.9104955368
306,Dausa,rajasthan,1634409.0,24.09 %,905,68.16,68548437.0,0.02384312570102802,183.81359,4.382690531927227,438269.05319272267
307,Kaimur,bihar,1626384.0,26.17 %,920,69.34,89751364.0,0.018120994796246216,229.37885,4.156572947218941,415657.29472189414
308,Janjgir Champa,chhattisgarh,1619707.0,22.94 %,986,73.07,25545198.0,0.06340553711895285,63.27871,4.012220595744452,401222.0595744452
309,Pudukkottai,tamil nadu,1618345.0,10.88 %,1015,77.19,69424740.0,0.023310782294611403,237.56601,5.537849539709476,553784.9539709475
310,Nagapattinam,tamil nadu,1616450.0,8.57 %,1025,83.59,69424740.0,0.023283486549607532,237.56601,5.531364998478929,553136.4998478929
311,Ratnagiri,maharashtra,1615069.0,-4.82 %,1122,82.18,100887656.0,0.016008588800992662,317.1192,5.076630873699751,507663.08736997517
312,Kaushambi,uttar pradesh,1599596.0,23.70 %,908,61.28,194121100.0,0.008240196454687307,483.43195,3.983574240472571,398357.4240472571
313,Haveri,karnataka,1597668.0,11.02 %,950,77.4,55415190.0,0.028830867493190946,188.54621,5.435950796853354,543595.0796853354
314,Hoshiarpur,punjab,1586625.0,7.11 %,961,84.59,27743338.0,0.05718940525469574,96.34554,5.509944131542499,550994.4131542499
315,Etawah,uttar pradesh,1581810.0,18.15 %,870,78.41,194121100.0,0.008148573235985166,483.43195,3.939280649190119,393928.0649190119
316,Sant Ravidas Nagar,uttar pradesh,1578213.0,16.58 %,955,68.97,194121100.0,0.008130043565588697,483.43195,3.930322814497497,393032.2814497497
317,Kalahandi,odisha,1576869.0,18.07 %,1003,59.22,41974218.0,0.03756756111573061,100.56142,3.7778472917346546,377784.72917346546
318,Betul,madhya pradesh,1575362.0,12.92 %,971,68.9,72626809.0,0.02169119119635285,175.03763,3.7967746988864675,379677.46988864674
319,Mahamaya Nagar,uttar pradesh,1564708.0,17.12 %,871,71.59,194121100.0,0.008060473590969761,483.43195,3.8966904660060138,389669.0466006014
320,Dewas,madhya pradesh,1563715.0,19.53 %,942,69.35,72626809.0,0.021530823418112726,175.03763,3.768704303054951,376870.4303054951
321,Bharuch,gujarat,1551019.0,13.16 %,925,81.51,54816245.0,0.028294878644095377,127.77764,3.615452817228907,361545.28172289074
322,Rajgarh,madhya pradesh,1545814.0,23.26 %,956,61.21,72626809.0,0.02128434418755752,175.03763,3.7255611626943437,372556.1162694344
323,Chittaurgarh,rajasthan,1544338.0,16.08 %,972,61.71,68548437.0,0.022529149716426066,183.81359,4.141163889023757,414116.38890237577
324,Rajnandgaon,chhattisgarh,1537133.0,19.79 %,1015,75.96,25545198.0,0.06017307049254424,63.27871,3.807674277507264,380767.4277507264
325,Kolar,karnataka,1536401.0,10.77 %,979,74.39,55415190.0,0.027725268107896047,188.54621,5.227494222977671,522749.42229776713
326,Jammu,jammu and kashmir,1529958.0,12.74 %,880,83.45,12541302.0,0.12199355377934444,35.4213,4.321170266484294,432117.0266484294
327,Kamrup,assam,1517542.0,15.69 %,949,75.55,28381808.0,0.05346882763776008,91.78502,4.907637414108361,490763.7414108361
328,Gurgaon,haryana,1514432.0,73.96 %,854,84.7,25351462.0,0.05973746208404075,82.60045,4.9343412499997035,493434.1249999704
329,Amreli,gujarat,1514190.0,8.63 %,964,74.25,54816245.0,0.027623015768409528,127.77764,3.5296037645701563,352960.37645701563
330,Shajapur,madhya pradesh,1512681.0,17.20 %,938,69.09,72626809.0,0.020828135241354195,175.03763,3.6457074299661163,364570.74299661163
331,Kangra,himachal pradesh,1510075.0,12.77 %,1012,85.67,6864602.0,0.21997997844594633,22.43595,4.935459797414329,493545.9797414329
332,Dharmapuri,tamil nadu,1506843.0,16.34 %,946,68.54,69424740.0,0.021704697777766256,237.56601,5.156298449319796,515629.8449319796
333,Bhadrak,odisha,1506337.0,12.94 %,981,82.78,41974218.0,0.0358871962784393,100.56142,3.6088674175785718,360886.7417578572
334,Karnal,haryana,1505324.0,18.14 %,887,74.73,25351462.0,0.05937819286319661,82.60045,4.904665450686828,490466.5450686828
335,Pashchimi Singhbhum,jharkhand,1502338.0,21.75 %,1005,58.63,27389394.0,0.054851085788900626,66.23467,3.633043566369522,363304.3566369522
336,Raigarh,chhattisgarh,1493984.0,18.05 %,991,73.26,25545198.0,0.05848394676760775,63.27871,3.700788707162888,370078.8707162888
337,Deoghar,jharkhand,1492073.0,28.03 %,925,64.85,27389394.0,0.05447630568241123,66.23467,3.608220129693632,360822.0129693632
338,Bargarh,odisha,1481255.0,10.02 %,977,74.62,41974218.0,0.03528963898743748,100.56142,3.548776207864075,354877.6207864075
339,Vidisha,madhya pradesh,1458875.0,20.09 %,896,70.53,72626809.0,0.020087279340608232,175.03763,3.516029768928028,351602.9768928028
340,Karauli,rajasthan,1458248.0,20.55 %,861,66.22,68548437.0,0.021273249454250867,183.81359,3.910312353151393,391031.2353151393
341,Ratlam,madhya pradesh,1455069.0,19.72 %,971,66.78,72626809.0,0.020034874449736596,175.03763,3.506856941029448,350685.6941029448
342,Sonipat,haryana,1450001.0,13.35 %,856,79.12,25351462.0,0.05719595185476877,82.60045,4.724411361382235,472441.1361382235
343,Tikamgarh,madhya pradesh,1445166.0,20.13 %,901,61.43,72626809.0,0.01989851984272089,175.03763,3.4829897537778374,348298.97537778376
344,Kendrapara,odisha,1440361.0,10.63 %,1007,85.15,41974218.0,0.03431537426140971,100.56142,3.4508027635588117,345080.2763558812
345,Uttara Kannada,karnataka,1437169.0,6.17 %,979,84.06,55415190.0,0.025934567760211594,188.54621,4.889864459176085,488986.4459176085
346,Kanshiram Nagar,uttar pradesh,1436719.0,16.93 %,880,61.02,194121100.0,0.007401148046245359,483.43195,3.577951432235084,357795.1432235084
347,Tonk,rajasthan,1421326.0,17.30 %,952,61.58,68548437.0,0.020734623022841497,183.81359,3.8113054951251475,381130.5495125147
348,Bastar,chhattisgarh,1413199.0,17.96 %,1023,54.4,25545198.0,0.05532151287298693,63.27871,3.5006739698510065,350067.39698510064
349,Jhalawar,rajasthan,1411129.0,19.55 %,946,61.5,68548437.0,0.02058586689584184,183.81359,3.7839620973868446,378396.20973868447
350,Gandhinagar,gujarat,1391753.0,4.29 %,923,84.16,54816245.0,0.02538942607250825,127.77764,3.244200944499573,324420.0944499573
351,Koppal,karnataka,1389920.0,16.21 %,986,68.09,55415190.0,0.025081931506505707,188.54621,4.729103125031242,472910.3125031242
352,Dungarpur,rajasthan,1388552.0,25.36 %,994,59.46,68548437.0,0.020256508547379426,183.81359,3.7234215569594973,372342.15569594974
353,Bathinda,punjab,1388525.0,17.34 %,868,68.28,27743338.0,0.05004895229261886,96.34554,4.821993335066602,482199.3335066602
354,Barwani,madhya pradesh,1385881.0,27.57 %,982,49.08,72626809.0,0.019082223480312896,175.03763,3.3401071731243213,334010.7173124321
355,Koraput,odisha,1379647.0,16.86 %,1032,49.21,41974218.0,0.03286891491343567,100.56142,3.3053447575542685,330534.47575542686
356,Auraiya,uttar pradesh,1379545.0,16.91 %,864,78.95,194121100.0,0.007106620557991892,483.43195,3.4355674342601086,343556.7434260109
357,Seoni,madhya pradesh,1379131.0,18.22 %,982,72.12,72626809.0,0.01898928259397986,175.03763,3.3238390206504875,332383.90206504875
358,Munger,bihar,1367765.0,20.21 %,876,70.46,89751364.0,0.015239489842182232,229.37885,3.495616654586442,349561.6654586442
359,Ramanathapuram,tamil nadu,1353445.0,13.96 %,983,80.72,69424740.0,0.01949513962889886,237.56601,4.631382536030383,463138.2536030383
360,Patan,gujarat,1343734.0,13.61 %,935,72.3,54816245.0,0.024513426631101783,127.77764,3.1322678032353366,313226.78032353363
361,Mandsaur,madhya pradesh,1340411.0,13.24 %,963,71.78,72626809.0,0.018456146131933183,175.03763,3.2305200778672516,323052.0077867252
362,Sivaganga,tamil nadu,1339101.0,15.90 %,1003,79.85,69424740.0,0.019288527403919696,237.56601,4.582298494124861,458229.8494124861
363,Sawai Madhopur,rajasthan,1335551.0,19.56 %,897,65.39,68548437.0,0.019483318051438575,183.81359,3.5812986361467294,358129.8636146729
364,Jind,haryana,1334152.0,12.13 %,871,71.44,25351462.0,0.05262623512600575,82.60045,4.346950703213881,434695.07032138814
365,Raisen,madhya pradesh,1331597.0,18.35 %,901,72.98,72626809.0,0.018334785987912536,175.03763,3.2092774858814193,320927.7485881419
366,Navsari,gujarat,1329672.0,8.15 %,961,83.88,54816245.0,0.0242568968377896,127.77764,3.0994890316562183,309948.9031656218
367,Tinsukia,assam,1327929.0,15.47 %,952,69.66,28381808.0,0.046788034081549704,91.78502,4.2944406439357214,429444.06439357216
368,Dibrugarh,assam,1326335.0,11.92 %,961,76.05,28381808.0,0.046731871345194076,91.78502,4.289285746056065,428928.57460560655
369,Garhwa,jharkhand,1322784.0,27.75 %,935,60.33,27389394.0,0.04829548255065446,66.23467,3.1988353492333563,319883.53492333565
370,Gondiya,maharashtra,1322507.0,10.14 %,999,84.95,100887656.0,0.013108709751369385,317.1192,4.157023549386458,415702.3549386458
371,Dumka,jharkhand,1321442.0,19.42 %,977,61.02,27389394.0,0.048246485482665295,66.23467,3.1955900446041263,319559.00446041266
372,Godda,jharkhand,1313551.0,25.35 %,938,56.4,27389394.0,0.0479583812624697,66.23467,3.176507556653864,317650.7556653864
373,Sehore,madhya pradesh,1311332.0,21.54 %,918,70.06,72626809.0,0.018055756793610468,175.03763,3.1604368770099756,316043.6877009976
374,East Nimar,madhya pradesh,1310061.0,21.50 %,943,66.39,72626809.0,0.018038256368939465,175.03763,3.1573736441515696,315737.36441515695
375,Kasaragod,kerala,1307375.0,8.58 %,1080,90.09,30596127.0,0.04273008149037948,98.12904,4.193061875772708,419306.1875772708
376,Baghpat,uttar pradesh,1303048.0,11.95 %,861,72.01,194121100.0,0.00671255211308817,483.43195,3.2450621575068346,324506.21575068345
377,Wardha,maharashtra,1300774.0,5.18 %,946,86.99,100887656.0,0.01289329192066867,317.1192,4.088710419248912,408871.0419248912
378,Sirsa,haryana,1295189.0,15.99 %,897,68.82,25351462.0,0.051089321791382286,82.60045,4.220000970162983,422000.09701629827
379,Katni,madhya pradesh,1292042.0,21.41 %,952,71.98,72626809.0,0.017790152394000953,175.03763,3.1139461123847534,311394.61123847537
380,Anugul,odisha,1273821.0,11.74 %,943,77.53,41974218.0,0.030347700581342577,100.56142,3.051807864194635,305180.7864194635
381,Thiruvarur,tamil nadu,1264277.0,8.11 %,1017,82.86,69424740.0,0.018210755992748406,237.56601,4.326256640280828,432625.6640280828
382,Damoh,madhya pradesh,1264219.0,16.63 %,910,69.73,72626809.0,0.017407056945046285,175.03763,3.046889992935942,304688.9992935942
383,Chikkaballapura,karnataka,1255104.0,9.23 %,972,69.76,55415190.0,0.02264909675487894,188.54621,4.270401353055723,427040.1353055723
384,Kamrup Metropolitan,assam,1253938.0,18.34 %,936,88.71,28381808.0,0.044181047239837574,91.78502,4.055158304529437,405515.8304529437
385,Theni,tamil nadu,1245899.0,13.89 %,991,77.26,69424740.0,0.01794603768051562,237.56601,4.263368567069751,426336.8567069751
386,Guna,madhya pradesh,1241519.0,26.97 %,912,63.23,72626809.0,0.01709450018656334,175.03763,2.992180798690605,299218.0798690605
387,Hoshangabad,madhya pradesh,1241350.0,14.49 %,914,75.29,72626809.0,0.017092173222149964,175.03763,2.9917734923545933,299177.34923545935
388,Srinagar,jammu and kashmir,1236829.0,20.35 %,900,69.41,12541302.0,0.0986204622135724,35.4213,3.4932649782056124,349326.4978205612
389,Karimganj,assam,1228686.0,21.90 %,963,78.22,28381808.0,0.04329132238509964,91.78502,3.9734948909428183,397349.4890942818
390,Baran,rajasthan,1222755.0,19.68 %,929,66.66,68548437.0,0.01783782466112247,183.81359,3.278834588751455,327883.4588751455
391,Lalitpur,uttar pradesh,1221592.0,24.94 %,906,63.52,194121100.0,0.006292937758955621,483.43195,3.0422071720405457,304220.7172040546
392,Nabarangapur,odisha,1220946.0,19.03 %,1019,46.43,41974218.0,0.02908799873293649,100.56142,2.925130457542294,292513.0457542294
393,Yamunanagar,haryana,1214205.0,16.57 %,877,77.99,25351462.0,0.047894870915136965,82.60045,3.956137890282225,395613.7890282225
394,Korba,chhattisgarh,1206640.0,19.25 %,969,72.37,25545198.0,0.04723549216569001,63.27871,2.98900101045997,298900.101045997
395,Dhaulpur,rajasthan,1206516.0,22.71 %,846,69.08,68548437.0,0.01760092648064317,183.81359,3.235289483733087,323528.9483733087
396,Panipat,haryana,1205437.0,24.60 %,864,75.94,25351462.0,0.04754901314961638,82.60045,3.9275698832142303,392756.988321423
397,Bhandara,maharashtra,1200334.0,5.65 %,982,83.76,100887656.0,0.01189772909383483,317.1192,3.772998332053626,377299.83320536255
398,Pathanamthitta,kerala,1197412.0,-2.97 %,1132,96.55,30596127.0,0.03913606450907986,98.12904,3.8403844396540783,384038.44396540785
399,Washim,maharashtra,1197160.0,17.34 %,930,83.25,100887656.0,0.011866268356953402,317.1192,3.763021528342377,376302.1528342377
400,Dhenkanal,odisha,1192811.0,11.80 %,947,78.76,41974218.0,0.02841770631676807,100.56142,2.857724900357167,285772.49003571674
401,Singrauli,madhya pradesh,1178273.0,28.05 %,920,60.41,72626809.0,0.016223664735153104,175.03763,2.839751825155777,283975.1825155777
402,Udupi,karnataka,1177361.0,5.85 %,1094,86.24,55415190.0,0.021246178168837823,188.54621,4.005886370719112,400588.6370719112
403,Hingoli,maharashtra,1177345.0,19.27 %,942,78.17,100887656.0,0.01166986177179099,317.1192,3.700737229180941,370073.7229180941
404,Yadgir,karnataka,1174271.0,22.81 %,989,51.83,55415190.0,0.021190417284502678,188.54621,3.9953728673114717,399537.28673114715
405,Rajsamand,rajasthan,1156597.0,17.18 %,990,63.14,68548437.0,0.01687269689314725,183.81359,3.1014309889112424,310143.09889112425
406,Sivasagar,assam,1151050.0,9.44 %,954,80.41,28381808.0,0.04055590820711633,91.78502,3.722424845908337,372242.4845908337
407,Sahibganj,jharkhand,1150567.0,24.01 %,952,52.04,27389394.0,0.04200775672510316,66.23467,2.782369904127488,278236.9904127488
408,Chikmagalur,karnataka,1137961.0,-0.26 %,1008,79.25,55415190.0,0.020535181779580653,188.54621,3.8718306962009876,387183.06962009874
409,Jagatsinghapur,odisha,1136971.0,7.50 %,968,86.59,41974218.0,0.02708736586825751,100.56142,2.7239439757715083,272394.39757715084
410,Ambala,haryana,1128350.0,11.23 %,885,81.75,25351462.0,0.04450828121865319,82.60045,3.676404057387302,367640.40573873016
411,Sidhi,madhya pradesh,1127033.0,23.72 %,957,64.43,72626809.0,0.01551814014023389,175.03763,2.716258472154408,271625.84721544076
412,Jehanabad,bihar,1125313.0,21.68 %,922,66.8,89751364.0,0.012538115855264327,229.37885,2.8759785960472977,287597.85960472975
413,Tarn Taran,punjab,1119627.0,19.23 %,900,67.81,27743338.0,0.040356607413282425,96.34554,3.8881791338006986,388817.91338006983
414,Shrawasti,uttar pradesh,1117361.0,-5.02 %,881,46.74,194121100.0,0.005755999734186546,483.43195,2.7826341756972837,278263.4175697284
415,Bundi,rajasthan,1110906.0,15.40 %,925,61.52,68548437.0,0.01620614631957254,183.81359,2.978909935065916,297890.9935065916
416,Idukki,kerala,1108974.0,-1.79 %,1006,91.99,30596127.0,0.03624556794394271,98.12904,3.5567427865938717,355674.27865938714
417,Hamirpur,uttar pradesh,1104285.0,5.80 %,861,68.77,194121100.0,0.0056886397202570976,483.43195,2.750070192811343,275007.0192811343
418,Jorhat,assam,1092256.0,9.31 %,962,82.15,28381808.0,0.03848436998798667,91.78502,3.5322886690347564,353228.86690347566
419,Narsimhapur,madhya pradesh,1091854.0,14.01 %,920,75.69,72626809.0,0.01503375977870651,175.03763,2.631473681654112,263147.3681654112
420,Mewat,haryana,1089263.0,37.93 %,907,54.08,25351462.0,0.04296647664738231,82.60045,3.54905030598827,354905.030598827
421,Ramanagara,karnataka,1082636.0,5.05 %,976,69.22,55415190.0,0.01953680931167068,188.54621,3.6835913512082157,368359.1351208216
422,Anantnag,jammu and kashmir,1078692.0,38.58 %,927,62.69,12541302.0,0.08601116534790407,35.4213,3.0466272911377144,304662.72911377146
423,Kaithal,haryana,1074304.0,13.55 %,881,69.15,25351462.0,0.04237641205860238,82.60045,3.5003107054259828,350031.07054259826
424,Gadchiroli,maharashtra,1072942.0,10.58 %,982,74.36,100887656.0,0.010635017627924669,317.1192,3.3725682821533685,337256.82821533683
425,Golaghat,assam,1066888.0,12.75 %,964,77.43,28381808.0,0.03759055800814381,91.78502,3.45025011858864,345025.011858864
426,Shahdol,madhya pradesh,1066063.0,17.39 %,974,66.67,72626809.0,0.014678642978793134,175.03763,2.5693148786240907,256931.48786240906
427,Saraikela Kharsawan,jharkhand,1065056.0,25.47 %,956,67.7,27389394.0,0.038885708825832366,66.23467,2.575582091795094,257558.2091795094
428,Gadag,karnataka,1064570.0,9.54 %,982,75.12,55415190.0,0.01921079761704327,188.54621,3.62212308177054,362212.308177054
429,Karur,tamil nadu,1064493.0,13.77 %,1015,75.6,69424740.0,0.015333049860899731,237.56601,3.6426114765850044,364261.1476585004
430,Rohtak,haryana,1061204.0,12.88 %,867,80.22,25351462.0,0.041859676574076875,82.60045,3.457628121873208,345762.8121873208
431,Chandigarh,chandigarh,1055450.0,17.19 %,818,86.05,1055450.0,1.0,3.06663,3.06663,306663.0
432,Mandla,madhya pradesh,1054905.0,17.97 %,1008,66.87,72626809.0,0.01452500825142958,175.03763,2.542423020060678,254242.3020060678
433,Chatra,jharkhand,1042886.0,31.77 %,953,60.18,27389394.0,0.03807627142097412,66.23467,2.5219692723986515,252196.92723986515
434,Palwal,haryana,1042708.0,25.76 %,880,69.32,25351462.0,0.04113009340447506,82.60045,3.3973642237516715,339736.42237516714
435,Lakhimpur,assam,1042137.0,17.22 %,968,77.2,28381808.0,0.0367184853057987,91.78502,3.37020690816244,337020.690816244
436,Sambalpur,odisha,1041099.0,11.27 %,976,76.22,41974218.0,0.024803297109668606,100.56142,2.4942547780301707,249425.47780301707
437,Sirohi,rajasthan,1036346.0,21.76 %,940,55.25,68548437.0,0.015118448287887293,183.81359,2.778976255025917,277897.6255025917
438,Mahasamund,chhattisgarh,1032754.0,20.05 %,1017,71.02,25545198.0,0.0404284985381597,63.27871,2.558263234731631,255826.32347316312
439,Gumla,jharkhand,1025213.0,23.16 %,993,65.73,27389394.0,0.03743102165750728,66.23467,2.4792313672478477,247923.13672478477
440,Jhabua,madhya pradesh,1025048.0,30.70 %,990,43.3,72626809.0,0.014113906615393221,175.03763,2.4704647639997512,247046.47639997513
441,Chamarajanagar,karnataka,1020791.0,5.73 %,993,61.43,55415190.0,0.018420779573254192,188.54621,3.4731681737824953,347316.81737824954
442,Panna,madhya pradesh,1016520.0,18.67 %,905,64.79,72626809.0,0.013996484411149056,175.03763,2.4499114596594764,244991.14596594765
443,Goalpara,assam,1008183.0,22.64 %,964,67.37,28381808.0,0.035522155600517066,91.78502,3.260401762236571,326040.1762236571
444,Baramula,jammu and kashmir,1008039.0,19.45 %,885,64.63,12541302.0,0.08037753974826538,35.4213,2.8470769486852325,284707.6948685233
445,Lakhisarai,bihar,1000912.0,24.77 %,902,62.42,89751364.0,0.011152053354866005,229.37885,2.5580451736778063,255804.51736778062
446,Mandi,himachal pradesh,999777.0,10.92 %,1007,81.53,6864602.0,0.14564238392844917,22.43595,3.267625243699489,326762.5243699489
447,Moga,punjab,995746.0,11.28 %,893,70.68,27743338.0,0.035891355250763264,96.34554,3.457972002966622,345797.20029666217
448,Mohali,punjab,994628.0,33.15 %,879,83.8,27743338.0,0.03585105728805957,96.34554,3.4540894739890344,345408.94739890343
449,Chitrakoot,uttar pradesh,991730.0,29.43 %,879,65.05,194121100.0,0.0051088212461190465,483.43195,2.4697674172127604,246976.74172127605
450,Bangalore Rural,karnataka,990923.0,16.45 %,946,77.93,55415190.0,0.01788179378253508,188.54621,3.3715444456985533,337154.44456985535
451,Rayagada,odisha,967911.0,16.46 %,1051,49.76,41974218.0,0.023059655334138684,100.56142,2.3189116851115603,231891.16851115602
452,Kurukshetra,haryana,964655.0,16.86 %,888,76.31,25351462.0,0.03805125716221021,82.60045,3.143050964664286,314305.0964664286
453,Nayagarh,odisha,962789.0,11.37 %,915,80.42,41974218.0,0.022937628045863773,100.56142,2.306640447723886,230664.04477238862
454,Jhajjar,haryana,958405.0,8.90 %,862,80.65,25351462.0,0.03780472305699766,82.60045,3.1226871366333824,312268.7136633382
455,Morigaon,assam,957423.0,23.34 %,967,68.03,28381808.0,0.03373368602874066,91.78502,3.0962470468216825,309624.70468216826
456,Karbi Anglong,assam,956313.0,17.58 %,951,69.25,28381808.0,0.033694576469546975,91.78502,3.0926573751488986,309265.73751488986
457,Nainital,uttarakhand,954605.0,25.13 %,934,83.88,10086292.0,0.09464379972342661,32.27033,3.0541866495288854,305418.66495288856
458,Puducherry,puducherry,950289.0,29.23 %,1029,85.44,1247953.0,0.7614781966949076,4.1183,3.1359956574486376,313599.56574486376
459,Baksa,assam,950075.0,10.74 %,974,69.25,28381808.0,0.03347478779364584,91.78502,3.0724840671355396,307248.40671355394
460,Ramgarh,jharkhand,949443.0,13.10 %,921,73.17,27389394.0,0.034664622371710745,66.23467,2.295999823464878,229599.9823464878
461,Fatehabad,haryana,942011.0,16.85 %,902,67.92,25351462.0,0.03715805423766093,82.60045,3.0692720011551993,306927.2001155199
462,Darrang,assam,928500.0,22.19 %,954,63.08,28381808.0,0.03271461775796665,91.78502,3.0027118452073243,300271.18452073244
463,Mahendragarh,haryana,922088.0,13.48 %,895,77.72,25351462.0,0.036372182401156986,82.60045,3.0043586338176476,300435.86338176474
464,Muktsar,punjab,901896.0,16.00 %,896,65.81,27743338.0,0.03250856115439317,96.34554,3.132054879043033,313205.4879043033
465,Pakur,jharkhand,900422.0,28.33 %,989,48.82,27389394.0,0.03287484199175783,66.23467,2.1774543106262225,217745.43106262226
466,Rewari,haryana,900332.0,17.64 %,898,80.99,25351462.0,0.0355140070422763,82.60045,2.9334729629951912,293347.29629951913
467,North Delhi,delhi,887978.0,13.62 %,869,86.85,14056012.0,0.06317424885522295,56.89812,3.594495992274338,359449.5992274338
468,Kokrajhar,assam,887142.0,5.21 %,959,65.22,28381808.0,0.031257416722711956,91.78502,2.8689626190424513,286896.2619042451
469,South Tripura,tripura,876001.0,14.15 %,957,84.66,3673917.0,0.2384378852325733,8.46068,2.0173466468295285,201734.66468295283
470,Mahoba,uttar pradesh,875958.0,23.64 %,878,65.27,194121100.0,0.0045124306425216015,483.43195,2.1814531447539705,218145.31447539706
471,Kupwara,jammu and kashmir,870354.0,33.82 %,835,64.51,12541302.0,0.0693990145520776,35.4213,2.4582033141535065,245820.33141535064
472,Pratapgarh,rajasthan,867848.0,22.78 %,983,55.97,68548437.0,0.012660361606786161,183.81359,2.3271465176415327,232714.65176415327
473,Jashpur,chhattisgarh,851669.0,14.60 %,1005,67.92,25545198.0,0.033339690692552076,63.27871,2.109692618823702,210969.2618823702
474,Sindhudurg,maharashtra,849651.0,-2.21 %,1036,85.56,100887656.0,0.008421753797114684,317.1192,2.6706998267379705,267069.98267379706
475,Ashoknagar,madhya pradesh,845071.0,22.66 %,904,66.42,72626809.0,0.01163579966731018,175.03763,2.0367027969207623,203670.27969207623
476,Udalguri,assam,831668.0,9.61 %,973,65.41,28381808.0,0.029302854842792256,91.78502,2.689563117802784,268956.3117802784
477,Neemuch,madhya pradesh,826067.0,13.77 %,954,70.8,72626809.0,0.011374133207477145,175.03763,1.9909013199410979,199090.13199410978
478,East Khasi Hills,meghalaya,825922.0,24.96 %,1011,84.15,2966889.0,0.27837981131077033,5.22903,1.4556563847383572,145565.63847383572
479,Kabirdham,chhattisgarh,822526.0,40.71 %,996,60.85,25545198.0,0.03219885005393186,63.27871,2.0375016948962386,203750.16948962386
480,North Goa,goa,818008.0,7.84 %,963,89.57,1458545.0,0.5608383697451913,5.80118,3.2535243337984086,325352.43337984086
481,Wayanad,kerala,817420.0,4.71 %,1035,89.03,30596127.0,0.026716453360257002,98.12904,2.621659920446794,262165.9920446794
482,Kapurthala,punjab,815168.0,8.04 %,912,79.07,27743338.0,0.029382477335640002,96.34554,2.8308706454399974,283087.06454399973
483,Shimla,himachal pradesh,814010.0,12.67 %,915,83.64,6864602.0,0.11858080046009951,22.43595,2.6604729100827695,266047.291008277
484,Tapi,gujarat,807022.0,12.14 %,1007,68.26,54816245.0,0.014722314525557159,127.77764,1.8811826054134135,188118.26054134135
485,Dhamtari,chhattisgarh,799781.0,13.19 %,1010,78.36,25545198.0,0.0313084674466019,63.27871,1.981159432097962,198115.94320979618
486,Jamtara,jharkhand,791042.0,21.12 %,954,64.59,27389394.0,0.028881325377260993,66.23467,1.9129450555255072,191294.50555255072
487,Datia,madhya pradesh,786754.0,18.46 %,873,72.63,72626809.0,0.010832831716453356,175.03763,1.8961531898368276,189615.31898368275
488,Nalbari,assam,771639.0,11.99 %,949,78.63,28381808.0,0.027187802834829973,91.78502,2.4954330269509257,249543.30269509257
489,Mansa,punjab,769751.0,11.76 %,883,61.83,27743338.0,0.027745435679008775,96.34554,2.673148983029367,267314.8983029367
490,Burhanpur,madhya pradesh,757847.0,19.37 %,951,64.36,72626809.0,0.01043481064960461,175.03763,1.8264845256055515,182648.45256055516
491,Ariyalur,tamil nadu,754894.0,8.54 %,1015,71.34,69424740.0,0.010873558907098535,237.56601,2.5831880040593598,258318.80040593597
492,Badgam,jammu and kashmir,753745.0,24.14 %,894,56.08,12541302.0,0.06010101662490864,35.4213,2.1288561401758765,212885.61401758765
493,Anuppur,madhya pradesh,749237.0,12.30 %,976,67.88,72626809.0,0.010316259385704251,175.03763,1.805733593338928,180573.3593338928
494,Kanker,chhattisgarh,748941.0,15.06 %,1006,70.29,25545198.0,0.029318269523688954,63.27871,1.8552222748913514,185522.22748913514
495,Bongaigaon,assam,738804.0,20.59 %,966,69.74,28381808.0,0.02603089979327603,91.78502,2.3892466581438363,238924.66581438362
496,The Nilgiris,tamil nadu,735394.0,-3.51 %,1042,85.2,69424740.0,0.010592679209169526,237.56601,2.5164605349323597,251646.05349323596
497,Kandhamal,odisha,733110.0,13.10 %,1037,64.13,41974218.0,0.017465721457872067,100.56142,1.7563777511280851,175637.7751128085
498,Alirajpur,madhya pradesh,728999.0,19.45 %,1011,36.1,72626809.0,0.010037601954947519,175.03763,1.7569580570773806,175695.80570773807
499,Latehar,jharkhand,726978.0,29.61 %,967,59.51,27389394.0,0.026542317803745493,66.23467,1.7580216607662074,175802.16607662075
500,Kodarma,jharkhand,716259.0,43.42 %,950,66.84,27389394.0,0.026150961938040687,66.23467,1.7321003341486851,173210.03341486852
501,Dindori,madhya pradesh,704524.0,21.32 %,1002,63.9,72626809.0,0.009700605185614034,175.03763,1.6979709412555906,169797.09412555906
502,Arwal,bihar,700843.0,18.89 %,928,67.43,89751364.0,0.0078087169794990524,229.37885,1.7911545207329662,179115.45207329662
503,North Tripura,tripura,693947.0,17.44 %,967,87.5,3673917.0,0.1888847788341435,8.46068,1.5980936705864612,159809.36705864614
504,Sheopur,madhya pradesh,687861.0,22.94 %,901,57.43,72626809.0,0.009471172002063315,175.03763,1.657811500563518,165781.1500563518
505,Pauri Garhwal,uttarakhand,687271.0,-1.41 %,1103,82.02,10086292.0,0.06813911395783505,32.27033,2.198871693326943,219887.1693326943
506,Dhemaji,assam,686133.0,19.97 %,953,72.7,28381808.0,0.02417509835877968,91.78502,2.21891188636256,221891.188636256
507,Rupnagar,punjab,684627.0,8.87 %,915,82.19,27743338.0,0.02467716754198792,96.34554,2.3775350325032987,237753.50325032987
508,Jaisalmer,rajasthan,669919.0,31.81 %,852,57.22,68548437.0,0.009772928885307772,183.81359,1.7963971432231198,179639.71432231198
509,Hailakandi,assam,659296.0,21.45 %,951,74.33,28381808.0,0.023229527872220122,91.78502,2.1321226803422815,213212.26803422815
510,Korea,chhattisgarh,658917.0,12.38 %,968,70.64,25545198.0,0.025794162957750416,63.27871,1.6322213574962308,163222.13574962306
511,Sheohar,bihar,656246.0,27.19 %,893,53.78,89751364.0,0.0073118220242312975,229.37885,1.6771773273228472,167717.73273228473
512,Umaria,madhya pradesh,644758.0,24.96 %,950,65.89,72626809.0,0.008877685924491051,175.03763,1.5539291041072727,155392.91041072726
513,West Garo Hills,meghalaya,643291.0,24.09 %,984,67.58,2966889.0,0.21682341334643798,5.22903,1.1337761330909246,113377.61330909246
514,Rajouri,jammu and kashmir,642415.0,32.93 %,860,68.17,12541302.0,0.051223947880371594,35.4213,1.8144188250550064,181441.88250550063
515,South Goa,goa,640537.0,8.73 %,986,87.59,1458545.0,0.43916163025480875,5.80118,2.5476556662015915,254765.56662015914
516,Sheikhpura,bihar,636342.0,21.09 %,930,63.86,89751364.0,0.007090053806870278,229.37885,1.6263083886580265,162630.83886580265
517,Almora,uttarakhand,622506.0,-1.28 %,1139,80.47,10086292.0,0.0617180228373321,32.27033,1.9916609639082432,199166.09639082433
518,Tehri Garhwal,uttarakhand,618931.0,2.35 %,1077,76.36,10086292.0,0.06136358138352528,32.27033,1.9802230212282175,198022.30212282174
519,Faridkot,punjab,617508.0,12.09 %,890,69.55,27743338.0,0.022257884036881215,96.34554,2.1444478567907006,214444.78567907005
520,Kathua,jammu and kashmir,616435.0,20.53 %,890,73.09,12541302.0,0.04915239263036645,35.4213,1.7410416450779993,174104.16450779993
521,Malkangiri,odisha,613192.0,21.62 %,1020,48.54,41974218.0,0.014608777226058148,100.56142,1.4690793823160684,146907.93823160685
522,Shahid Bhagat Singh Nagar,punjab,612310.0,4.23 %,954,79.78,27743338.0,0.022070523741591585,96.34554,2.126396527966462,212639.65279664617
523,Nuapada,odisha,610382.0,15.02 %,1021,57.35,41974218.0,0.014541831368960822,100.56142,1.4623472118632441,146234.7211863244
524,Subarnapur,odisha,610183.0,12.61 %,960,74.42,41974218.0,0.014537090363422614,100.56142,1.4618704496140942,146187.0449614094
525,Fatehgarh Sahib,punjab,600163.0,11.46 %,871,79.35,27743338.0,0.021632688899944196,96.34554,2.0842130937171297,208421.30937171297
526,Simdega,jharkhand,599578.0,16.58 %,997,67.99,27389394.0,0.021890882288231713,66.23467,1.4499353643698722,144993.53643698723
527,Barnala,punjab,595527.0,13.02 %,876,67.82,27743338.0,0.021465585720074492,96.34554,2.0681134476168657,206811.34476168657
528,Narmada,gujarat,590297.0,14.75 %,961,72.31,54816245.0,0.010768650789560649,127.77764,1.3759927838741963,137599.27838741965
529,Porbandar,gujarat,585449.0,9.06 %,950,75.78,54816245.0,0.010680209853848982,127.77764,1.3646920098295678,136469.2009829568
530,Central Delhi,delhi,582320.0,-9.91 %,892,85.14,14056012.0,0.041428536059872456,56.89812,2.35720581615895,235720.58161589503
531,Solan,himachal pradesh,580320.0,15.93 %,880,83.68,6864602.0,0.08453804022432765,22.43595,1.8966912435710037,189669.12435710037
532,Jharsuguda,odisha,579505.0,13.69 %,953,78.86,41974218.0,0.013806213137788535,100.56142,1.3883723979586708,138837.2397958671
533,Gajapati,odisha,577817.0,11.37 %,1043,53.49,41974218.0,0.013765997975233273,100.56142,1.3843283041065828,138432.8304106583
534,Harda,madhya pradesh,570465.0,20.25 %,935,72.5,72626809.0,0.007854744106959181,175.03763,1.3748757927386017,137487.57927386017
535,Perambalur,tamil nadu,565223.0,14.50 %,1003,74.32,69424740.0,0.008141521307821966,237.56601,1.9341487324292463,193414.87324292463
536,Panchkula,haryana,561293.0,19.83 %,873,81.88,25351462.0,0.022140458802730984,82.60045,1.8288118603120405,182881.18603120404
537,Pulwama,jammu and kashmir,560440.0,27.00 %,912,63.48,12541302.0,0.04468754520064982,35.4213,1.5828909448157775,158289.09448157775
538,Udhampur,jammu and kashmir,554985.0,20.78 %,870,68.49,12541302.0,0.04425258238737892,35.4213,1.567483996518065,156748.39965180648
539,Kodagu,karnataka,554519.0,1.09 %,1019,82.61,55415190.0,0.010006624537423764,188.54621,1.886711131424254,188671.1131424254
540,Dantewada,chhattisgarh,533638.0,12.08 %,1020,42.12,25545198.0,0.020889953563875293,63.27871,1.3218893134819312,132188.93134819312
541,Khunti,jharkhand,531885.0,22.32 %,997,63.86,27389394.0,0.019419378172441493,66.23467,1.2862361048568653,128623.61048568653
542,Sirmaur,himachal pradesh,529855.0,15.54 %,918,78.8,6864602.0,0.0771865579388288,22.43595,1.7317537545876658,173175.3754587666
543,Una,himachal pradesh,521173.0,16.26 %,976,86.53,6864602.0,0.07592180872248676,22.43595,1.7033779044072765,170337.79044072767
544,Chamba,himachal pradesh,519080.0,12.63 %,986,72.17,6864602.0,0.07561691122078162,22.43595,1.6965372393038953,169653.72393038953
545,Imphal West,manipur,517992.0,16.56 %,1031,86.08,2855794.0,0.18138283083443693,7.05315,1.2793203132999087,127932.03132999087
546,Pithoragarh,uttarakhand,483439.0,4.58 %,1020,82.25,10086292.0,0.047930299856478474,32.27033,1.546726593367513,154672.6593367513
547,Chirang,assam,482162.0,11.34 %,969,63.55,28381808.0,0.016988417369323335,91.78502,1.5592822280116896,155928.22280116897
548,Senapati,manipur,479148.0,68.94 %,937,63.6,2855794.0,0.1677810094145446,7.05315,1.1833846265521952,118338.46265521953
549,Punch,jammu and kashmir,476835.0,27.97 %,893,66.74,12541302.0,0.03802117196444197,35.4213,1.3467593385040884,134675.93385040882
550,Lohardaga,jharkhand,461790.0,26.68 %,985,67.61,27389394.0,0.016860175876837583,66.23467,1.1167281853442979,111672.81853442978
551,Imphal East,manipur,456113.0,15.51 %,1017,81.95,2855794.0,0.15971495142856942,7.05315,1.1264935096684143,112649.35096684143
552,Hamirpur,himachal pradesh,454768.0,10.19 %,1095,88.15,6864602.0,0.06624826901836406,22.43595,1.486342851282565,148634.28512825648
553,Baudh,odisha,441162.0,18.16 %,991,71.61,41974218.0,0.010510308971092683,100.56142,1.0569315947718192,105693.15947718192
554,Kullu,himachal pradesh,437903.0,14.76 %,942,79.4,6864602.0,0.06379146234552273,22.43595,1.4312220596110306,143122.20596110306
555,Kulgam,jammu and kashmir,424483.0,7.73 %,951,59.23,12541302.0,0.033846804741644844,35.4213,1.1988978247952247,119889.78247952247
556,Thoubal,manipur,422168.0,15.94 %,1002,74.47,2855794.0,0.14782858987728106,7.05315,1.0426572186929448,104265.72186929449
557,Doda,jammu and kashmir,409936.0,28.00 %,919,64.68,12541302.0,0.032686877327409866,35.4213,1.1578116878773832,115781.16878773832
558,Aizawl,mizoram,400309.0,22.92 %,1009,97.89,1097206.0,0.3648439764273983,3.6581,1.3346357501690658,133463.57501690657
559,Jaintia Hills,meghalaya,395124.0,32.10 %,1013,61.64,2966889.0,0.13317788430911975,5.22903,0.6963911523889165,69639.11523889165
560,Bandipora,jammu and kashmir,392232.0,28.65 %,889,56.28,12541302.0,0.03127522166358804,35.4213,1.107809009112451,110780.9009112451
561,Chamoli,uttarakhand,391605.0,5.74 %,1019,82.65,10086292.0,0.038825467277766694,32.27033,1.252910641457733,125291.06414577329
562,West Khasi Hills,meghalaya,383461.0,29.53 %,980,77.87,2966889.0,0.1292468306026953,5.22903,0.6758355546264118,67583.55546264118
563,Bilaspur,himachal pradesh,381956.0,12.05 %,981,84.59,6864602.0,0.05564139042583969,22.43595,1.2483674535246179,124836.74535246179
564,Dimapur,nagaland,378811.0,127.29 %,919,84.79,1978502.0,0.19146354160875248,3.8637,0.739757685713737,73975.7685713737
565,Dhalai,tripura,378230.0,22.85 %,944,85.72,3673917.0,0.10295006664549036,8.46068,0.8710275698661674,87102.75698661673
566,Dadra and Nagar Haveli,dadra & nagar haveli and daman & diu,343709.0,55.88 %,774,76.24,586956.0,0.5855788168108002,1.71994,1.0071604301855677,100716.04301855677
567,Uttarkashi,uttarakhand,330086.0,11.89 %,958,75.81,10086292.0,0.032726199082874066,32.27033,1.0560852440500434,105608.52440500434
568,Samba,jammu and kashmir,318898.0,17.01 %,886,81.41,12541302.0,0.02542782240631794,35.4213,0.9006865258009097,90068.65258009097
569,East Garo Hills,meghalaya,317917.0,26.87 %,972,73.95,2966889.0,0.10715500310257647,5.22903,0.5603167258734655,56031.67258734655
570,Reasi,jammu and kashmir,314667.0,27.04 %,890,58.15,12541302.0,0.025090457115218182,35.4213,0.8887366086152778,88873.66086152778
571,Debagarh,odisha,312520.0,14.01 %,975,72.57,41974218.0,0.007445522868347422,100.56142,0.7487323522834898,74873.23522834897
572,Ganderbal,jammu and kashmir,297446.0,36.50 %,874,58.04,12541302.0,0.02371731419911585,35.4213,0.8400981014411423,84009.81014411422
573,Ramban,jammu and kashmir,283713.0,31.99 %,902,54.27,12541302.0,0.022622292326586187,35.4213,0.8013110031877073,80131.10031877072
574,East Sikkim,sikkim,283583.0,15.73 %,873,83.85,610577.0,0.46445083912430374,1.89068,0.8781279125155386,87812.79125155386
575,Churachandpur,manipur,274143.0,20.29 %,975,82.78,2855794.0,0.0959953694139003,7.05315,0.6770697397816509,67706.97397816509
576,Kohima,nagaland,267988.0,131.81 %,928,85.23,1978502.0,0.13544995152898506,3.8637,0.5233379777225396,52333.797772253965
577,Shupiyan,jammu and kashmir,266215.0,25.97 %,951,60.76,12541302.0,0.021227062389534992,35.4213,0.7518901450184359,75189.01450184359
578,Bageshwar,uttarakhand,259898.0,4.18 %,1090,80.01,10086292.0,0.025767447541673393,32.27033,0.8315240354274892,83152.40354274891
579,Champawat,uttarakhand,259648.0,15.63 %,980,79.83,10086292.0,0.025742661426022564,32.27033,0.8307241792960188,83072.41792960188
580,Ri Bhoi,meghalaya,258840.0,34.26 %,953,75.67,2966889.0,0.08724289988604225,5.22903,0.4561957407911115,45619.57407911115
581,Bijapur,chhattisgarh,255230.0,8.78 %,984,40.86,25545198.0,0.009991310304191026,63.27871,0.6322372272589157,63223.722725891574
582,Mon,nagaland,250260.0,80.36 %,899,56.99,1978502.0,0.12648963710928773,3.8637,0.488718010899155,48871.8010899155
583,Rudraprayag,uttarakhand,242285.0,6.53 %,1114,81.3,10086292.0,0.024021216121841407,32.27033,0.7751725712531424,77517.25712531424
584,South Andaman,andaman and nicobar islands,238142.0,14.23 %,871,89.13,380581.0,0.6257327612255998,1.29192,0.8083966688825769,80839.66688825769
585,Bishnupur,manipur,237399.0,13.93 %,999,75.85,2855794.0,0.08312889515140098,7.05315,0.5863205668371038,58632.056683710376
586,Kishtwar,jammu and kashmir,230696.0,20.88 %,920,56.2,12541302.0,0.01839490030620425,35.4213,0.6515712822161527,65157.12822161527
587,The Dangs,gujarat,228291.0,22.26 %,1006,75.16,54816245.0,0.004164659582209617,127.77764,0.5321503728181308,53215.037281813085
588,Dima Hasao,assam,214102.0,13.84 %,932,77.54,28381808.0,0.007543634993232284,91.78502,0.692392688726525,69239.26887265251
589,Karaikal,puducherry,200222.0,17.23 %,1047,87.05,1247953.0,0.16044033709602845,4.1183,0.6607414402625739,66074.14402625739
590,Tuensang,nagaland,196596.0,94.83 %,929,73.08,1978502.0,0.09936608605904872,3.8637,0.3839207467063465,38392.074670634654
591,Mokokchung,nagaland,194622.0,60.94 %,925,91.62,1978502.0,0.09836836151795651,3.8637,0.3800658383969286,38006.58383969286
592,Daman,dadra & nagar haveli and daman & diu,191173.0,67.71 %,534,88.07,586956.0,0.3257024376614261,1.71994,0.5601886506313932,56018.865063139325
593,Ukhrul,manipur,183998.0,30.70 %,943,81.35,2855794.0,0.06442971726952294,7.05315,0.4544324603595357,45443.24603595357
594,Papumpare,arunachal pradesh,176573.0,44.73 %,980,79.95,1383727.0,0.1276068183969815,3.33244,0.425242065898837,42524.2065898837
595,Wokha,nagaland,166343.0,98.81 %,968,87.69,1978502.0,0.08407522458910832,3.8637,0.32484144524493785,32484.144524493786
596,Phek,nagaland,163418.0,111.84 %,951,78.05,1978502.0,0.08259683336180605,3.8637,0.31912938506001004,31912.938506001003
597,Lunglei,mizoram,161428.0,17.64 %,947,88.86,1097206.0,0.14712642840086548,3.6581,0.5382031877332061,53820.31877332061
598,Changlang,arunachal pradesh,148226.0,18.18 %,926,59.8,1383727.0,0.10712084103294942,3.33244,0.35697377549184195,35697.377549184195
599,South Sikkim,sikkim,146850.0,11.65 %,915,81.42,610577.0,0.24051020591997405,1.89068,0.4547278361287765,45472.78361287765
600,Lohit,arunachal pradesh,145726.0,16.59 %,912,68.18,1383727.0,0.10531412626912678,3.33244,0.3509530069442889,35095.300694428886
601,Chandel,manipur,144182.0,21.85 %,933,71.11,2855794.0,0.050487535165351566,7.05315,0.35609615865149935,35609.615865149935
602,South Garo Hills,meghalaya,142334.0,40.95 %,945,71.72,2966889.0,0.04797415744235797,5.22903,0.2508583084908131,25085.830849081307
603,New Delhi,delhi,142004.0,-20.72 %,822,88.34,14056012.0,0.010102723304447947,56.89812,0.5748259629032758,57482.59629032758
604,Kargil,jammu and kashmir,140802.0,18.02 %,810,71.34,12541302.0,0.011227063984265748,35.4213,0.3976772015058724,39767.720150587236
605,Zunheboto,nagaland,140757.0,78.05 %,976,85.26,1978502.0,0.07114321845517467,3.8637,0.27487605314525837,27487.605314525837
606,Tamenglong,manipur,140651.0,26.15 %,943,70.05,2855794.0,0.04925110144499218,7.05315,0.34737540615674656,34737.540615674654
607,Narayanpur,chhattisgarh,139820.0,19.16 %,994,48.62,25545198.0,0.0054734357510166885,63.27871,0.3463519535922172,34635.19535922172
608,West Sikkim,sikkim,136435.0,10.69 %,942,77.39,610577.0,0.22345257027369195,1.89068,0.42247730556506385,42247.73055650639
609,Leh,jammu and kashmir,133487.0,13.87 %,690,77.2,12541302.0,0.010643791210832814,35.4213,0.37701692161627237,37701.69216162724
610,Champhai,mizoram,125745.0,16.01 %,984,95.91,1097206.0,0.11460473238389145,3.6581,0.4192355715335133,41923.55715335133
611,Lawngtlai,mizoram,117894.0,60.14 %,945,65.88,1097206.0,0.10744928481980594,3.6581,0.3930602287993321,39306.02287993321
612,West Siang,arunachal pradesh,112274.0,8.04 %,930,66.46,1383727.0,0.0811388373573689,3.33244,0.27039030716319046,27039.030716319045
613,Tirap,arunachal pradesh,111975.0,11.61 %,944,52.19,1383727.0,0.08092275427161572,3.33244,0.2696702232449031,26967.02232449031
614,North and Middle Andaman,andaman and nicobar islands,105597.0,-0.02 %,925,83.91,380581.0,0.2774626163681319,1.29192,0.35845950333831694,35845.95033383169
615,East Siang,arunachal pradesh,99214.0,13.52 %,980,72.54,1383727.0,0.07170055943115947,3.33244,0.23893781227077307,23893.781227077307
616,Peren,nagaland,95219.0,104.15 %,915,77.95,1978502.0,0.04812681513589574,3.8637,0.1859475756405604,18594.75756405604
617,Kurung Kumey,arunachal pradesh,92076.0,116.56 %,1032,48.75,1383727.0,0.06654202743749309,3.33244,0.22174731391379945,22174.731391379944
618,Mamit,mizoram,86364.0,37.56 %,927,84.93,1097206.0,0.07871265742258063,3.6581,0.2879387721175422,28793.87721175422
619,Kinnaur,himachal pradesh,84121.0,7.39 %,819,80.0,6864602.0,0.01225431569084413,22.43595,0.27493721412399436,27493.721412399434
620,Kolasib,mizoram,83955.0,27.28 %,956,93.5,1097206.0,0.07651708065759757,3.6581,0.2799071327535577,27990.71327535577
621,West Kameng,arunachal pradesh,83947.0,12.53 %,819,67.07,1383727.0,0.060667313711447415,3.33244,0.20217018290457583,20217.018290457585
622,Upper Subansiri,arunachal pradesh,83448.0,50.78 %,998,63.8,1383727.0,0.060306693444588416,3.33244,0.20096843750248422,20096.843750248423
623,Lower Subansiri,arunachal pradesh,83030.0,49.00 %,984,74.35,1383727.0,0.060004610736077275,3.33244,0.19996176500133336,19996.176500133337
624,East Kameng,arunachal pradesh,78690.0,37.62 %,1029,60.02,1383727.0,0.05686815390608119,3.33244,0.1895097108027812,18950.97108027812
625,Kiphire,nagaland,74004.0,38.58 %,956,69.54,1978502.0,0.03740405620009482,3.8637,0.14451805194030637,14451.805194030638
626,Serchhip,mizoram,64937.0,20.56 %,977,97.91,1097206.0,0.059183963631259766,3.6581,0.21650085735951136,21650.085735951136
627,Lakshadweep,lakshadweep,64473.0,6.30 %,946,91.85,64473.0,1.0,0.14023,0.14023,14023.0
628,Saiha,mizoram,56574.0,-7.34 %,979,90.01,1097206.0,0.05156187625660086,3.6581,0.1886184995342716,18861.849953427158
629,Yanam,puducherry,55626.0,77.19 %,1038,79.47,1247953.0,0.044573794045128304,4.1183,0.18356825601605187,18356.825601605186
630,Lower Dibang Valley,arunachal pradesh,54080.0,7.20 %,928,69.13,1383727.0,0.039082853771011186,3.33244,0.1302412652206685,13024.12652206685
631,Diu,dadra & nagar haveli and daman & diu,52074.0,17.77 %,1031,83.46,586956.0,0.0887187455277738,1.71994,0.15259091918303927,15259.091918303928
632,Longleng,nagaland,50484.0,-21.57 %,905,72.17,1978502.0,0.02551627443388988,3.8637,0.09858722953022034,9858.722953022034
633,Tawang,arunachal pradesh,49977.0,28.40 %,714,59.0,1383727.0,0.03611767350062548,3.33244,0.12035997988042438,12035.997988042438
634,North Sikkim,sikkim,43709.0,6.53 %,767,78.01,610577.0,0.07158638468203028,1.89068,0.135346945790621,13534.694579062101
635,Mahe,puducherry,41816.0,13.54 %,1184,97.87,1247953.0,0.03350767216393566,4.1183,0.13799464627273622,13799.464627273623
636,Nicobars,andaman and nicobar islands,36842.0,-12.42 %,777,78.06,380581.0,0.09680462240626832,1.29192,0.12506382777910616,12506.382777910616
637,Upper Siang,arunachal pradesh,35320.0,5.87 %,889,59.99,1383727.0,0.025525266183286155,3.33244,0.08506141803983011,8506.141803983011
638,Lahul and Spiti,himachal pradesh,31564.0,-5.00 %,903,76.81,6864602.0,0.0045980815785095774,22.43595,0.10316232839136194,10316.232839136193
639,Anjaw,arunachal pradesh,21167.0,14.19 %,839,56.46,1383727.0,0.015297092562333466,3.33244,0.05097664313842254,5097.664313842254
640,Dibang Valley,arunachal pradesh,8004.0,10.07 %,813,64.1,1383727.0,0.005784377987854541,3.33244,0.019276092581845986,1927.6092581845987
