state,district,daily_cylinders,annual_cylinders,district_share
maharashtra,Thane,71122.50510162527,25959714.36209322,0.10962835730864835
west bengal,North Twenty Four Parganas,45030.76814972087,16436230.374648117,0.12130159581133154
karnataka,Bangalore,66869.89207776959,24407510.6083859,0.17362659949374892
maharashtra,Pune,60635.99859471194,22132139.48706986,0.09346443731431327
maharashtra,Mumbai Suburban,60170.13312848198,21962098.591895923,0.09274635144660313
west bengal,South Twenty Four Parganas,36718.02344507476,13402078.557452288,0.09890914638890216
west bengal,Barddhaman,34718.820535021114,12672369.495282708,0.09352379514341895
gujarat,Ahmadabad,35656.91599634379,13014774.338665485,0.13160742768863504
west bengal,Murshidabad,31957.730743296397,11664571.721303185,0.0860861117176997
rajasthan,Jaipur,28615.222471233028,10444556.202000055,0.09666417339318766
maharashtra,Nashik,39272.389353567385,14334422.114052095,0.060534531598196724
gujarat,Surat,30057.447293467747,10970968.262115728,0.11094014192325649
uttar pradesh,Allahabad,22355.6249085339,8159803.091614874,0.030673589836447454
west bengal,Paschim Medinipur,26602.730981861023,9709996.808379274,0.07166108537856013
bihar,Patna,19175.470611332894,6999046.773136506,0.06505154618040121
west bengal,Hugli,24828.848790966673,9062529.808702836,0.06688269164071936
andhra pradesh,Rangareddy,20223.44977951192,7381559.169521851,0.07851706810610298
west bengal,Nadia,23247.36150476195,8485286.949238112,0.06262256152403704
andhra pradesh,East Godavari,19679.581520927528,7183047.255138548,0.0764055123841272
bihar,Purbi Champaran,16748.038867541934,6113034.186652807,0.05681664069194536
west bengal,Purba Medinipur,22924.69392137139,8367513.281300557,0.06175337597846237
andhra pradesh,Guntur,18662.12464176472,6811675.494244123,0.07245525998173133
west bengal,Haora,21818.712259381355,7963829.974674195,0.058774138758004454
bihar,Muzaffarpur,15768.292399489785,5755426.725813772,0.053492914046409365
karnataka,Belgaum,33218.69989966527,12124825.463377824,0.08625182012368812
uttar pradesh,Moradabad,17916.387452095976,6539481.4200150315,0.02458262393938629
uttar pradesh,Ghaziabad,17577.129142999373,6415652.137194771,0.024117136158820444
maharashtra,Nagpur,29924.87587560042,10922579.694594154,0.04612625750765782
tamil nadu,Chennai,30585.450519640865,11163689.439668916,0.06693193233420824
uttar pradesh,Azamgarh,17322.830897166205,6322833.277465665,0.02376821994105741
uttar pradesh,Lucknow,17232.44185995435,6289841.278883337,0.023644199419846683
uttar pradesh,Kanpur Nagar,17200.265990840926,6278097.086656938,0.02360005172029213
maharashtra,Ahmadnagar,29214.875710071392,10663429.634176059,0.04503186197526484
andhra pradesh,Krishna,17247.845720050802,6295463.687818542,0.0669643553325287
west bengal,Kolkata,20229.172341956426,7383647.904814095,0.05449231687239108
uttar pradesh,Jaunpur,16873.38619288399,6158785.960402656,0.023151548183067167
bihar,Madhubani,14738.052576561206,5379389.19044484,0.04999789195404318
uttar pradesh,Sitapur,16835.04547230216,6144791.5973902885,0.02309894184609504
uttar pradesh,Bareilly,16701.26218827433,6095960.69872013,0.02291538117185613
uttar pradesh,Gorakhpur,16673.23877088079,6085732.151371488,0.022876930946713152
uttar pradesh,Agra,16590.272334980164,6055449.40226776,0.022763094789798734
bihar,Gaya,14422.884576867085,5264352.870556486,0.04892870486068602
maharashtra,Solapur,27765.41716598847,10134377.265585791,0.04279766396792884
andhra pradesh,Visakhapatnam,16381.867862904053,5979381.76995998,0.06360221667026882
bihar,Samastipur,13996.407204848447,5108688.629769683,0.04748190790727147
maharashtra,Jalgaon,27200.566702357995,9928206.846360669,0.041927002447157656
andhra pradesh,Chittoor,15936.964575097907,5816992.069910736,0.06187489011964766
gujarat,Vadodara,20588.958114584115,7514969.711823202,0.07599254564043925
uttar pradesh,Muzaffarnagar,15556.721094736493,5678203.19957882,0.021344985166475976
kerala,Malappuram,29383.83595014521,10725100.121803002,0.13442616446192687
uttar pradesh,Hardoi,15366.493001344457,5608769.945490727,0.021083977991058156
andhra pradesh,Anantapur,15582.202645127547,5687503.965471555,0.06049753527066662
chhattisgarh,Raipur,10131.82338927905,3698115.5370868533,0.1590855549446123
andhra pradesh,Kurnool,15476.498740189438,5648922.040169145,0.06008714234593849
andhra pradesh,Mahbubnagar,15474.837869730776,5648315.822451733,0.060080694055447
uttar pradesh,Kheri,15097.66492896882,5510647.699073619,0.02071512576427807
tamil nadu,Kancheepuram,26317.062983416112,9605727.988946881,0.05759116994892599
west bengal,Maldah,17944.523899191532,6549751.223204909,0.04833804695068261
bihar,Saran,12979.235747930878,4737421.04799477,0.04403121940297198
andhra pradesh,Hyderabad,15055.973976242054,5495430.50132835,0.05845446484080728
bihar,Darbhanga,12931.688440883518,4720066.280922484,0.04386991823322039
andhra pradesh,West Godavari,15031.702358987523,5486571.361030445,0.05836023085769378
tamil nadu,Vellore,25909.490159843182,9456963.908342762,0.05669925447326126
bihar,Pashchim Champaran,12923.993245717948,4717257.534687051,0.04384381278038293
maharashtra,Kolhapur,24924.702716130432,9097516.491387608,0.03841898160464745
west bengal,Jalpaiguri,17422.68190538573,6359278.895465791,0.04693233549580477
gujarat,Rajkot,18804.349047779593,6863587.402439551,0.0694056661487849
uttar pradesh,Sultanpur,14256.188984871422,5203508.979478069,0.01956055781674429
andhra pradesh,Karimnagar,14418.14626681344,5262623.387386906,0.055978113760889084
tamil nadu,Thiruvallur,24538.910448047183,8956702.313537221,0.05369993463425286
maharashtra,Aurangabad,23801.168657738915,8687426.560074704,0.03668716418587424
rajasthan,Jodhpur,15923.062550258068,5811917.830844195,0.053789191429703925
uttar pradesh,Bijnor,13826.661781831532,5046731.550368509,0.01897121436052032
uttar pradesh,Budaun,13823.594374005897,5045611.946512152,0.018967005647505603
uttar pradesh,Varanasi,13804.61549204926,5038684.65459798,0.018940965201618986
rajasthan,Alwar,15866.98236662711,5791448.563818895,0.05359974874408879
uttar pradesh,Aligarh,13793.532275523843,5034639.2805662025,0.018925758199392025
delhi,North West Delhi,39527.91088706433,14427687.473778483,0.2601405718777133
uttar pradesh,Ghazipur,13592.213456652109,4961157.91167802,0.018649533718900213
west bengal,Bankura,16180.273375024803,5905799.781884053,0.0435855985074124
uttar pradesh,Kushinagar,13382.998972349154,4884794.624907441,0.01836247579474874
odisha,Ganjam,10170.884064827804,3712372.683662148,0.08407615836940668
andhra pradesh,Warangal,13411.34186714413,4895139.781507608,0.052069219359576535
west bengal,Birbhum,15756.183126349611,5751006.841117608,0.04244320573806668
uttar pradesh,Bulandshahar,13137.557538095749,4795208.5014049485,0.018025711785066127
punjab,Ludhiana,24423.595287865708,8914612.280070983,0.1261109604042599
bihar,Vaishali,11478.81720135195,4189768.2784934617,0.0389411463429124
andhra pradesh,Nalgonda,13320.597250613015,4862017.99647375,0.05171690552024067
uttar pradesh,Bahraich,13094.606319582615,4779531.306647655,0.017966779500013134
tamil nadu,Salem,22919.38753829973,8365576.4514794005,0.05015583781804584
uttar pradesh,Saharanpur,13014.45198706191,4750274.975277597,0.01785680175931416
tamil nadu,Viluppuram,22766.79373702244,8309879.71401319,0.04982190786742594
tamil nadu,Coimbatore,22761.34372332889,8307890.459015044,0.04980998128332926
uttar pradesh,Meerut,12929.25163726134,4719176.847600389,0.017739900505406157
uttar pradesh,Gonda,12892.570395576611,4705788.194385463,0.01768957109762926
bihar,Sitamarhi,11244.161371648781,4104118.900651805,0.03814509158880303
uttar pradesh,Rae Bareli,12786.093423808044,4666924.099689936,0.017543476726641256
andhra pradesh,Prakasam,12971.772455270744,4734696.946173822,0.050362601456809646
maharashtra,Nanded,21614.8560957821,7889422.474960466,0.03331717806983245
chhattisgarh,Durg,8336.758771032974,3042916.9514270355,0.13090021850682074
bihar,Siwan,10938.3570089231,3992500.308256931,0.03710767002939365
rajasthan,Nagaur,14284.52447589904,5213851.43370315,0.04825409804748721
kerala,Thiruvananthapuram,23586.30592605254,8609001.663009178,0.10790342843066378
kerala,Ernakulam,23450.286053880267,8559354.409666298,0.10728116012853525
madhya pradesh,Indore,9923.761628126222,3622172.994266071,0.04511690717404368
bihar,Purnia,10722.10001973104,3913566.5072018295,0.03637403215398487
uttar pradesh,Barabanki,12242.219864908366,4468410.250691554,0.01679724151573425
uttar pradesh,Ballia,12163.657430696188,4439734.962204109,0.016689447978607167
uttar pradesh,Pratapgarh,12048.646532382134,4397755.984319479,0.016531644421961342
kerala,Thrissur,22298.71448206948,8139030.78595536,0.10201291163420782
gujarat,Banaskantha,15423.364298741275,5629527.969040565,0.056926664714082476
uttar pradesh,Unnao,11670.29285279801,4259656.891271274,0.01601251486829613
uttar pradesh,Deoria,11642.430877921615,4249487.27044139,0.015974286154364466
kerala,Kozhikode,22049.329237155474,8048005.171561748,0.1008720155985756
maharashtra,Mumbai City,19840.797753168466,7241891.17990649,0.030582641349106182
tamil nadu,Tirunelveli,20254.785009960982,7392996.528635758,0.044324732076778395
bihar,Katihar,10086.285750801118,3681494.299042408,0.034217073291498944
rajasthan,Udaipur,13251.005471809065,4836616.997210309,0.044762800353857816
tamil nadu,Madurai,19998.206527124843,7299345.382400568,0.043763246358574766
bihar,Bhagalpur,9977.038940390374,3641619.213242486,0.03384646053958578
rajasthan,Sikar,11562.091966828199,4220163.5678922925,0.03905753533082016
chhattisgarh,Bilaspur,6640.814130603022,2423897.157670103,0.10427122154230316
kerala,Kollam,18827.846558433892,6872163.99382837,0.08613426790913765
maharashtra,Raigarh,16939.27630432262,6182835.851077756,0.026110230968196937
uttar pradesh,Fatehpur,9884.535871480253,3607855.5930902925,0.013562322694441766
odisha,Cuttack,7563.883712446453,2760817.555042955,0.06252576283851197
tamil nadu,Cuddalore,17152.49635774979,6260661.1705786735,0.03753581216148595
rajasthan,Barmer,11244.327291644666,4104179.461450303,0.03798410458286598
maharashtra,Buldana,16630.98430501284,6070309.271329686,0.025635029125862532
maharashtra,Bid,16623.209806094033,6067471.579224322,0.02562304549924324
rajasthan,Ajmer,11154.93843279843,4071552.527971427,0.03768214292034114
karnataka,Gulbarga,17835.995740850318,6510138.445410366,0.046310876133421185
bihar,Gopalganj,8414.503779997349,3071293.8796990323,0.028545660877087063
uttar pradesh,Siddharth Nagar,9608.8220880248,3507220.0621290524,0.013184022756928534
andhra pradesh,Nizamabad,9741.234325637415,3555550.5288576568,0.03782011315193329
rajasthan,Bharatpur,11005.561137881217,4017029.815326644,0.03717753622887128
uttar pradesh,Mathura,9563.344106394594,3490620.5988340266,0.013121623563847514
delhi,West Delhi,27492.960602403025,10034930.619877104,0.1809363139416785
bihar,Aurangabad,8342.448770719731,3044993.8013127022,0.028301218909608995
kerala,Kannur,18025.029967449933,6579135.938119226,0.08246151547220339
odisha,Mayurbhanj,7262.039656704936,2650644.4746973016,0.06003061212480481
uttar pradesh,Firozabad,9379.269601039536,3423433.4043794307,0.01286905957157671
uttar pradesh,Mirzapur,9374.816791148229,3421808.1287691034,0.01286294998328363
punjab,Amritsar,17386.485286640265,6346067.129623696,0.08977492182087102
tamil nadu,Tiruppur,16317.472641335185,5955877.514087343,0.035708480867195184
uttar pradesh,Faizabad,9277.298001842277,3386213.7706724307,0.012729146908811046
tamil nadu,Tiruvannamalai,16224.157612188474,5921817.528448793,0.035504274124757255
uttar pradesh,Basti,9252.773757145793,3377262.4213582147,0.012695497810387434
madhya pradesh,Jabalpur,7460.284810339625,2723003.955773963,0.033917075993246525
maharashtra,Latur,15781.75694668718,5760341.28554082,0.024326028548031686
karnataka,Bellary,17045.56395954013,6221630.845232147,0.044258532723608815
jharkhand,Giridih,6769.607121803206,2470906.59945817,0.08928543654525543
gujarat,Sabarkantha,12003.5061233389,4381279.7350186985,0.04430418391482306
rajasthan,Bhilwara,10401.233029369507,3796450.05571987,0.03513607465623177
tamil nadu,Thanjavur,15835.909957944366,5780107.134649694,0.03465464904873968
uttar pradesh,Ambedkar Nagar,9002.815686889648,3286027.7257147213,0.012352536638211918
gujarat,PanchMahal,11816.61217914257,4313063.445387038,0.043614370156146234
madhya pradesh,Sagar,7203.36675454271,2629228.865408089,0.03274903624087353
madhya pradesh,Bhopal,7180.964297201294,2621051.9684784724,0.03264718679847273
madhya pradesh,Rewa,7162.9290621778855,2614469.107694928,0.03256519228319669
rajasthan,Bikaner,10208.687898661823,3726171.0830115653,0.03448564407092171
chhattisgarh,Surguja,5883.538696797581,2147491.624331117,0.09238080675671412
andhra pradesh,Vizianagaram,8951.419787822633,3267268.222555261,0.03475367678559094
uttar pradesh,Rampur,8769.779045115907,3200969.351467306,0.012032792931834818
odisha,Baleshwar,6687.907084996077,2441086.086023568,0.05528462733957307
gujarat,Kheda,11367.375739771234,4149092.1450165007,0.04195626679645788
punjab,Gurdaspur,16043.869174806521,5856012.24880438,0.0828423385823292
jharkhand,Purbi Singhbhum,6350.069720324031,2317775.447918271,0.08375209031641956
delhi,South West Delhi,24787.33017527811,9047375.51397651,0.16313005424298158
tamil nadu,Erode,14821.29907532825,5409774.162494811,0.032434316642741476
odisha,Khordha,6489.459864450895,2368652.850524577,0.05364419177505581
delhi,North East Delhi,24232.399466901537,8844825.805419061,0.15947795149861851
bihar,Supaul,7321.030669607077,2672176.194406583,0.024836123939018906
madhya pradesh,Satna,6750.523354642654,2463941.024444569,0.03069025103388475
bihar,Nawada,7288.41723042905,2660272.2891066032,0.024725484951961283
uttar pradesh,Mau,8282.256433651857,3023023.5982829276,0.01136387543651875
maharashtra,Chandrapur,14174.840685047639,5173816.850042388,0.021849124931597182
punjab,Jalandhar,15312.761079780275,5589157.7941198,0.07906727013166188
madhya pradesh,Dhar,6619.86405835721,2416250.3813003814,0.030096227964524776
karnataka,Bijapur,15132.475937360006,5523353.717136403,0.03929123043699751
gujarat,Jamnagar,10676.570487489114,3896948.227933527,0.039406548186582284
tamil nadu,Dindigul,14215.946044673407,5188820.306305793,0.03110958715869876
uttar pradesh,Balrampur,8067.113629940492,2944496.4749282794,0.011068683414631382
rajasthan,Jhunjhunun,9228.852304606997,3368531.091181554,0.031175692598213435
kerala,Alappuzha,15201.512043152678,5548551.8957507275,0.06954439037333059
gujarat,Dohad,10513.302096760071,3837355.265317426,0.038803934855442944
odisha,Sundargarh,6033.413994952415,2202196.1081576315,0.04987435382357808
gujarat,Anand,10343.568805626173,3775402.614053553,0.03817745998471803
gujarat,Kachchh,10341.720279057812,3774727.901856101,0.038170637189760076
madhya pradesh,Chhindwara,6332.538990027134,2311376.7313599037,0.028789947249369036
karnataka,Dakshina Kannada,14523.085010973711,5300926.029005405,0.037708956695808496
jharkhand,Bokaro,5708.980694748096,2083777.953583055,0.07529666410290056
maharashtra,Dhule,13188.109513338286,4813659.972368474,0.02032817572845582
rajasthan,Churu,8807.806120743498,3214849.2340713767,0.0297533698689585
rajasthan,Pali,8799.281380062186,3211737.7037226977,0.02972457271345224
gujarat,Mahesana,10058.475594423986,3671343.5919647547,0.03712519892597532
bihar,Banka,6682.841827008906,2439237.266858251,0.022671109488653564
madhya pradesh,Gwalior,6154.197621498446,2246282.1318469327,0.027979144726019835
uttar pradesh,Pilibhit,7625.369358278069,2783259.815771495,0.010462577226277822
punjab,Firozpur,14164.326686023403,5169979.240398542,0.07313734201702765
bihar,Madhepura,6574.455512173654,2399676.2619433836,0.022303415912431145
uttar pradesh,Jhansi,7503.709280944193,2738853.8875446306,0.010295650498580524
madhya pradesh,Ujjain,6017.390293794446,2196347.4572349726,0.027357170545658973
kerala,Kottayam,14106.737466129942,5148959.175137429,0.06453597868776005
rajasthan,Ganganagar,8503.873636239927,3103913.877227573,0.02872666520463479
madhya pradesh,Morena,5954.110998986878,2173250.5146302106,0.027069480637652684
maharashtra,Jalna,12597.684870882245,4598154.97787202,0.01941809412243654
uttar pradesh,Chandauli,7331.577767380244,2676025.885093789,0.010059473184522444
rajasthan,Kota,8425.475387846544,3075298.5165639883,0.02846183057390499
assam,Dhubri,6747.890131621184,2462979.898041732,0.06867983886016
karnataka,Davanagere,13521.226923561959,4935247.827100115,0.03510764828199633
tamil nadu,Virudhunagar,12784.415696642762,4666311.729274608,0.027976885473391763
jharkhand,Palamu,5369.981851275157,1960043.3757154325,0.07082555386219937
karnataka,Raichur,13405.265978251,4892922.082061615,0.034806557552180185
assam,Sonitpur,6660.833445933597,2431204.207765763,0.06779377832448165
bihar,Saharsa,6242.406034395443,2278478.2025543367,0.021176959494454035
punjab,Patiala,13233.187058786894,4830113.276457217,0.06832941299276965
uttarakhand,Haridwar,12175.28408619084,4443978.691459657,0.18742487328346236
karnataka,Bagalkot,13133.798521023191,4793836.460173464,0.03410169666475924
uttar pradesh,Farrukhabad,7077.95532743277,2583453.694512961,0.009711484222992759
tamil nadu,Krishnagiri,12373.170037754615,4516207.063780434,0.027076932517140148
madhya pradesh,West Nimar,5672.682589362185,2070529.1451171977,0.025790008204821444
tamil nadu,Kanniyakumari,12311.067526645127,4493539.647225471,0.026941029955603723
uttar pradesh,Mainpuri,7015.349421077309,2560602.5386932176,0.009625584235819804
uttar pradesh,Sonbhadra,6992.935192535054,2552421.3452752945,0.009594830237413653
karnataka,Dharwad,12836.831470846875,4685443.486859109,0.03333062649428794
west bengal,Darjiling,8308.259524016754,3032514.726266115,0.022380367470684
uttar pradesh,Jyotiba Phule Nagar,6909.067682120162,2521809.703973859,0.009479757738854764
maharashtra,Parbhani,11806.988107394467,4309550.659198981,0.018199312708781737
rajasthan,Jalor,7897.390590747483,2882547.565622831,0.026677924107883014
odisha,Jajapur,5266.079554467173,1922119.037380518,0.043531293423977546
maharashtra,Akola,11664.359169413347,4257491.096835871,0.017979464207196965
haryana,Faridabad,13516.68153518385,4933588.760342105,0.07138574493258021
karnataka,Mandya,12550.11568793658,4580792.226096852,0.03258617357442968
odisha,Kendujhar,5192.705152993664,1895337.3808426876,0.042924754429016394
uttar pradesh,Banda,6755.843715447134,2465882.956138204,0.009269522993636444
rajasthan,Banswara,7762.45871506988,2833297.431000506,0.026222115027947322
uttar pradesh,Ramabai Nagar,6743.731772184603,2461462.09684738,0.009252904501365383
karnataka,Hassan,12346.146744395317,4506343.561704291,0.03205657149240127
rajasthan,Hanumangarh,7664.0268942243165,2797369.8163918755,0.025889605622955343
uttar pradesh,Etah,6662.244600278221,2431719.2791015506,0.009141098005317299
madhya pradesh,Chhattarpur,5337.505847922145,1948189.6344915829,0.02426617697054541
bihar,Jamui,5781.758448760675,2110341.833797646,0.019614242297197847
gujarat,Surendranagar,8680.502831983575,3168383.533674005,0.032039188382932834
karnataka,Shimoga,12181.653867342891,4446303.661580156,0.03162946838222516
tamil nadu,Thoothukkudi,11519.907205464608,4204766.129994581,0.02520968749756931
haryana,Hisar,13025.214187029089,4754203.178265617,0.06879015498198882
assam,Cachar,6011.775104529817,2194297.9131533834,0.06118768050294752
jharkhand,Hazaribagh,4801.461681756606,1752533.513841161,0.06332724995668032
tamil nadu,Namakkal,11364.733204467664,4148127.619630697,0.024870111144816676
madhya pradesh,Shivpuri,5227.492428572818,1908034.7364290787,0.023766017311871713
tripura,West Tripura,5209.46845500544,1901455.9860769855,0.46972726928779285
uttar pradesh,Sant Kabir Nagar,6439.615369144198,2350459.6097376323,0.008835634044933805
delhi,East Delhi,18478.368851845928,6744604.630923764,0.1216096002194648
bihar,Buxar,5604.230329134304,2045544.070134021,0.01901198961165649
gujarat,Valsad,8430.457486814134,3077116.9826871585,0.03111628678688225
karnataka,Bidar,11837.954938456902,4320853.552536769,0.0307370596401456
madhya pradesh,Bhind,5157.698643331103,1882560.0048158527,0.02344871024142063
madhya pradesh,Balaghat,5153.740280245362,1881115.202289557,0.023430714132022516
odisha,Puri,4895.844181432503,1786983.1262228636,0.040470795667950255
uttarakhand,Dehradun,10927.576730135113,3988565.506499316,0.16821781483224954
assam,Barpeta,5862.936143135763,2139971.6922445535,0.05967280167634141
bihar,Kishanganj,5551.838629056973,2026421.0996057952,0.018834254151279525
uttar pradesh,Jalaun,6344.968754852457,2315913.595521147,0.008705771809452966
west bengal,Dakshin Dinajpur,7541.023715797727,2752473.6562661706,0.020313626623822797
bihar,Khagaria,5474.610793323629,1998232.9395631247,0.018572263703981143
karnataka,Chitradurga,11533.238625228638,4209632.098208453,0.029945868632770187
maharashtra,Osmanabad,10659.075946934126,3890562.720630956,0.016429918839624937
uttar pradesh,Kannauj,6219.726906324391,2270200.3208084027,0.008533930623718905
punjab,Sangrur,11554.213614968538,4217287.969463516,0.05966005244213944
odisha,Balangir,4752.510621258031,1734666.3767591813,0.03928594929392133
uttarakhand,Udham Singh Nagar,10619.77181829679,3876216.713678328,0.16347950267551248
maharashtra,Nandurbar,10599.394288980891,3868778.9154780256,0.016337925424692198
uttar pradesh,Gautam Buddha Nagar,6187.81009613382,2258550.685088844,0.008490138372387133
haryana,Bhiwani,12207.476214321987,4455728.818227525,0.06447142969506059
rajasthan,Dausa,7058.213217934305,2576247.8245460214,0.023843125701028017
bihar,Kaimur,5341.588687222075,1949679.8708360575,0.018120994796246213
chhattisgarh,Janjgir Champa,4038.1648994798547,1473930.188310147,0.06340553711895283
tamil nadu,Pudukkottai,10652.176824746552,3888044.5410324913,0.023310782294611403
tamil nadu,Nagapattinam,10639.70366538752,3883491.8378664446,0.023283486549607536
maharashtra,Ratnagiri,10385.733824897898,3790792.846087733,0.016008588800992665
uttar pradesh,Kaushambi,6005.646619644427,2192061.016170216,0.008240196454687307
karnataka,Haveri,11103.811301951833,4052891.1252124193,0.028830867493190946
punjab,Hoshiarpur,11075.729533872043,4042641.279863296,0.05718940525469574
uttar pradesh,Etawah,5938.869489183362,2167687.3635519273,0.008148573235985166
uttar pradesh,Sant Ravidas Nagar,5925.364634900868,2162758.091738817,0.008130043565588697
odisha,Kalahandi,4544.633295774662,1658791.1529577516,0.03756756111573062
madhya pradesh,Betul,4771.120724927627,1741459.0645985836,0.02169119119635285
uttar pradesh,Mahamaya Nagar,5874.660421087945,2144251.0536971,0.008060473590969761
madhya pradesh,Dewas,4735.846773237013,1728584.0722315095,0.02153082341811273
gujarat,Bharuch,7666.042324952873,2798105.4486077987,0.028294878644095377
madhya pradesh,Rajgarh,4681.632039038187,1708795.6942489382,0.021284344187557522
rajasthan,Chittaurgarh,6669.240615144821,2434272.8245278597,0.02252914971642607
chhattisgarh,Rajnandgaon,3832.295919220063,1398788.010515323,0.06017307049254424
karnataka,Kolar,10678.004934773746,3897471.8011924173,0.02772526810789605
jammu and kashmir,Jammu,5117.713138272116,1867965.2954693225,0.12199355377934445
assam,Kamrup,5253.387025278682,1917486.2642267188,0.05346882763776007
haryana,Gurgaon,11311.113324833857,4128556.363564358,0.05973746208404075
gujarat,Amreli,7484.01188381341,2731664.337591895,0.02762301576840953
madhya pradesh,Shajapur,4581.285869091832,1672169.3422185187,0.02082813524135419
himachal pradesh,Kangra,8316.086944078206,3035371.7345885453,0.2199799784459463
tamil nadu,Dharmapuri,9918.254811632605,3620163.006245901,0.021704697777766256
odisha,Bhadrak,4341.35574030393,1584594.8452109345,0.03588719627843931
haryana,Karnal,11243.0867510672,4103726.664139528,0.05937819286319661
jharkhand,Pashchimi Singhbhum,4158.8003078976035,1517962.1123826252,0.054851085788900626
chhattisgarh,Raigarh,3724.7191925357574,1359522.5052755515,0.05848394676760775
jharkhand,Deoghar,4130.384541831267,1507590.3577684122,0.05447630568241123
odisha,Bargarh,4269.06787598253,1558209.7747336233,0.03528963898743748
madhya pradesh,Vidisha,4418.329722044072,1612690.3485460863,0.020087279340608236
rajasthan,Karauli,6297.460004580411,2298572.90167185,0.021273249454250867
madhya pradesh,Ratlam,4406.802920281,1608483.0659025651,0.020034874449736596
haryana,Sonipat,10829.885813375851,3952908.321882186,0.05719595185476877
madhya pradesh,Tikamgarh,4376.810824153915,1597535.950816179,0.019898519842720893
odisha,Kendrapara,4151.208856623656,1515191.2326676345,0.03431537426140971
karnataka,Uttara Kannada,9988.341373185676,3645744.601212772,0.025934567760211594
uttar pradesh,Kanshiram Nagar,5394.128646063706,1968856.9558132526,0.007401148046245358
rajasthan,Tonk,6138.011942049814,2240374.358848182,0.020734623022841497
chhattisgarh,Bastar,3523.310449223244,1286008.313966484,0.05532151287298692
rajasthan,Jhalawar,6093.976085551669,2224301.271226359,0.02058586689584184
gujarat,Gandhinagar,6878.856676726808,2510782.6870052847,0.02538942607250825
karnataka,Koppal,9659.96027009923,3525885.498586219,0.02508193150650571
rajasthan,Dungarpur,5996.477063078531,2188714.1280236635,0.020256508547379426
punjab,Bathinda,9692.855810931806,3537892.370990109,0.05004895229261886
madhya pradesh,Barwani,4197.261049449857,1532000.2830491979,0.0190822234803129
odisha,Koraput,3976.227380090309,1451322.9937329628,0.03286891491343567
uttar pradesh,Auraiya,5179.470169903757,1890506.6120148713,0.007106620557991893
madhya pradesh,Seoni,4176.818087836423,1524538.6020602945,0.01898928259397986
bihar,Munger,4492.197445854303,1639652.0677368206,0.015239489842182234
tamil nadu,Ramanathapuram,8908.567371338679,3251627.0905386177,0.01949513962889886
gujarat,Patan,6641.518716068742,2424154.331365091,0.024513426631101783
madhya pradesh,Mandsaur,4059.5512028479593,1481736.189039505,0.018456146131933183
tamil nadu,Sivaganga,8814.153124454258,3217165.8904258045,0.019288527403919696
rajasthan,Sawai Madhopur,5767.591662445188,2105170.956792494,0.019483318051438575
haryana,Jind,9964.623346940463,3637087.5216332693,0.05262623512600575
madhya pradesh,Raisen,4032.8572378611734,1471992.8918193283,0.01833478598791254
gujarat,Navsari,6572.01609413214,2398785.874358231,0.0242568968377896
assam,Tinsukia,4596.989723573579,1677901.2491043564,0.04678803408154971
assam,Dibrugarh,4591.471656252678,1675887.1545322274,0.04673187134519408
jharkhand,Garhwa,3661.755548007189,1336540.775022624,0.04829548255065447
maharashtra,Gondiya,8504.407974869335,3104108.910827307,0.013108709751369385
jharkhand,Dumka,3658.0405983665632,1335184.8184037956,0.0482464854826653
jharkhand,Godda,3636.1965837509306,1327211.7530690897,0.04795838126246971
madhya pradesh,Sehore,3971.4829242172873,1449591.26733931,0.018055756793610468
madhya pradesh,East Nimar,3967.6335902601513,1448186.2604449552,0.018038256368939465
kerala,Kasaragod,9340.247932204147,3409190.495254514,0.04273008149037948
uttar pradesh,Baghpat,4892.263931914327,1785676.3351487294,0.00671255211308817
maharashtra,Wardha,8364.653479416507,3053098.519987025,0.012893291920668671
haryana,Sirsa,9673.61331250148,3530868.85906304,0.05108932179138229
madhya pradesh,Katni,3913.0614828064545,1428267.441224356,0.017790152394000957
odisha,Anugul,3671.230349164691,1339999.0774451122,0.03034770058134258
tamil nadu,Thiruvarur,8321.650920823493,3037402.586100575,0.018210755992748406
madhya pradesh,Damoh,3828.797109329335,1397510.9449052073,0.017407056945046285
karnataka,Chikkaballapura,8722.987491972646,3183890.434570016,0.022649096754878938
assam,Kamrup Metropolitan,4340.849623736213,1584410.1126637177,0.044181047239837574
tamil nadu,Theni,8200.684312538368,2993249.774076504,0.01794603768051562
madhya pradesh,Guna,3760.048186570086,1372417.5880980813,0.01709450018656334
madhya pradesh,Hoshangabad,3759.536355383023,1372230.7697148034,0.017092173222149967
jammu and kashmir,Srinagar,4137.195938121153,1510076.5174142206,0.0986204622135724
assam,Karimganj,4253.432913581017,1552503.013457071,0.04329132238509964
rajasthan,Baran,5280.480897557015,1927375.5276083103,0.01783782466112247
uttar pradesh,Lalitpur,4586.439241773969,1674050.3232474986,0.006292937758955621
odisha,Nabarangapur,3518.841352035515,1284377.093492963,0.02908799873293649
haryana,Yamunanagar,9068.75340363905,3310094.992328253,0.047894870915136965
chhattisgarh,Korba,3008.3288485561734,1098040.0297230033,0.04723549216569001
rajasthan,Dhaulpur,5210.352597696921,1901778.6981593762,0.01760092648064317
haryana,Panipat,9003.266249622135,3286192.1811120794,0.047549013149616376
maharashtra,Bhandara,7718.772030777007,2817351.7912336076,0.01189772909383483
kerala,Pathanamthitta,8554.641902282388,3122444.294333072,0.039136064509079874
maharashtra,Washim,7698.361559670061,2809901.9692795724,0.011866268356953404
odisha,Dhenkanal,3437.754554225031,1254780.4122921363,0.028417706316768074
madhya pradesh,Singrauli,3568.5021791325744,1302503.2953833896,0.016223664735153104
karnataka,Udupi,8182.672731930109,2986675.54715449,0.021246178168837823
maharashtra,Hingoli,7570.940801956083,2763393.3927139705,0.011669861771790989
karnataka,Yadgir,8161.197195759247,2978836.9764521252,0.02119041728450268
rajasthan,Rajsamand,4994.776847914545,1823093.549488809,0.01687269689314725
assam,Sivasagar,3984.6746485085937,1454406.2467056366,0.04055590820711634
jharkhand,Sahibganj,3185.021209512655,1162532.741472119,0.042007756725103165
karnataka,Chikmagalur,7908.842270722334,2886727.428813652,0.020535181779580653
odisha,Jagatsinghapur,3276.8202450109766,1196039.3894290065,0.027087365868257513
haryana,Ambala,8427.512572420737,3076042.0889335694,0.04450828121865319
madhya pradesh,Sidhi,3413.3173860848224,1245860.8459209602,0.015518140140233892
bihar,Jehanabad,3695.9040364292414,1349004.973296673,0.012538115855264325
punjab,Tarn Taran,7815.763542626992,2852753.693058852,0.04035660741328242
uttar pradesh,Shrawasti,4195.106334707336,1531213.8121681777,0.005755999734186547
rajasthan,Bundi,4797.459762570157,1751072.8133381074,0.01620614631957254
kerala,Idukki,7922.816414852788,2891827.9914212674,0.03624556794394271
uttar pradesh,Hamirpur,4146.012791588654,1513294.6689298588,0.0056886397202570976
assam,Jorhat,3781.1431240010447,1380117.2402603813,0.038484369987986676
madhya pradesh,Narsimhapur,3306.774727329419,1206972.775475238,0.015033759778706508
haryana,Mewat,8135.5763966612585,2969485.384781359,0.04296647664738231
karnataka,Ramanagara,7524.3328730999965,2746381.4986814987,0.01953680931167068
jammu and kashmir,Anantnag,3608.227298101664,1317002.9638071074,0.08601116534790408
haryana,Kaithal,8023.849396554161,2928705.029742269,0.042376412058602375
maharashtra,Gadchiroli,6899.575201773793,2518344.9486474344,0.010635017627924669
assam,Golaghat,3693.3248480935104,1348063.5695541312,0.03759055800814381
madhya pradesh,Shahdol,3228.66444244467,1178462.5214923045,0.014678642978793134
jharkhand,Saraikela Kharsawan,2948.3080510032964,1076132.4386162031,0.038885708825832366
karnataka,Gadag,7398.773961623355,2700552.4959925245,0.01921079761704327
tamil nadu,Karur,7006.644235132145,2557425.145823233,0.015333049860899731
haryana,Rohtak,7926.007047372867,2892992.5722910967,0.04185967657407687
chandigarh,Chandigarh,10627.50684931507,3879040.0000000005,1.0
madhya pradesh,Mandla,3194.871469750939,1166128.0864590928,0.014525008251429581
jharkhand,Chatra,2886.936640025148,1053731.873609179,0.03807627142097412
haryana,Palwal,7787.8626129868235,2842569.8537401906,0.04113009340447505
assam,Lakhimpur,3607.642486575561,1316789.5076000798,0.0367184853057987
odisha,Sambalpur,3000.5112533746965,1095186.6074817642,0.024803297109668606
rajasthan,Sirohi,4475.47158364482,1633547.1280303595,0.015118448287887295
chhattisgarh,Mahasamund,2574.805784377927,939804.1112979434,0.0404284985381597
jharkhand,Gumla,2838.013909027547,1035875.0767950546,0.03743102165750729
madhya pradesh,Jhabua,3104.446950507639,1133123.1369352883,0.014113906615393225
karnataka,Chamarajanagar,7094.509399155966,2589495.9306919277,0.018420779573254192
madhya pradesh,Panna,3078.619161375882,1123695.9939021969,0.013996484411149058
assam,Goalpara,3490.1014214476686,1273887.018828399,0.035522155600517066
jammu and kashmir,Baramula,3371.89284554915,1230740.8886254397,0.08037753974826539
bihar,Lakhisarai,3287.3295704488132,1199875.2932138168,0.011152053354866007
himachal pradesh,Mandi,5505.840740817296,2009631.870398313,0.14564238392844917
punjab,Moga,6950.9892888583945,2537111.090433314,0.03589135525076326
punjab,Mohali,6943.184882890465,2534262.4822550197,0.03585105728805957
uttar pradesh,Chitrakoot,3723.427616785718,1359051.080126787,0.0051088212461190465
karnataka,Bangalore Rural,6886.9264495276975,2513728.1540776095,0.01788179378253508
odisha,Rayagada,2789.578942795214,1018196.3141202532,0.023059655334138677
haryana,Kurukshetra,7204.893996143507,2629786.30859238,0.03805125716221021
odisha,Nayagarh,2774.817024245889,1012808.2138497495,0.022937628045863776
haryana,Jhajjar,7158.213486037929,2612747.922403844,0.037804723056997655
assam,Morigaon,3314.3817870631533,1209749.352278051,0.03373368602874067
assam,Karbi Anglong,3310.5392182261403,1208346.8146525412,0.033694576469546975
uttarakhand,Nainital,6148.1442054198515,2244072.634978246,0.09464379972342661
puducherry,Puducherry,6888.269180053092,2514218.2507193787,0.7614781966949077
assam,Baksa,3288.9446737168682,1200464.805906657,0.03347478779364584
jharkhand,Ramgarh,2628.2659699290202,959317.0790240924,0.034664622371710745
haryana,Fatehabad,7035.768640810591,2568055.5538958656,0.03715805423766092
assam,Darrang,3214.2569055559948,1173203.7705279381,0.03271461775796665
haryana,Mahendragarh,6886.966112357243,2513742.6310103936,0.036372182401156986
punjab,Muktsar,6295.851990029817,2297985.976360883,0.03250856115439316
jharkhand,Pakur,2492.5651157314637,909786.2672419843,0.03287484199175783
haryana,Rewari,6724.473123900127,2454432.6902235462,0.0355140070422763
delhi,North Delhi,9599.218073066802,3503714.596669383,0.06317424885522295
assam,Kokrajhar,3071.084867753104,1120945.9767298829,0.031257416722711956
tripura,South Tripura,2644.3741354012514,965196.5594214568,0.2384378852325733
uttar pradesh,Mahoba,3288.7642890145335,1200398.9654903046,0.004512430642521601
jammu and kashmir,Kupwara,2911.3361940312666,1062637.7108214123,0.0693990145520776
rajasthan,Pratapgarh,3747.8111199570308,1367951.0587843163,0.012660361606786161
chhattisgarh,Jashpur,2123.334567162524,775017.1170143211,0.033339690692552076
maharashtra,Sindhudurg,5463.6979163480455,1994249.7394670367,0.008421753797114684
madhya pradesh,Ashoknagar,2559.370964981582,934170.4022182773,0.01163579966731018
assam,Udalguri,2879.0464320193255,1050851.9476870538,0.029302854842792256
madhya pradesh,Neemuch,2501.815699425776,913162.7302904082,0.011374133207477143
meghalaya,East Khasi Hills,1675.221062870906,611455.6879478807,0.2783798113107703
chhattisgarh,Kabirdham,2050.676833593711,748497.0442617044,0.03219885005393186
goa,North Goa,8080.497769549565,2949381.6858855914,0.5608383697451913
kerala,Wayanad,5839.874148383069,2131554.0641598203,0.026716453360257006
punjab,Kapurthala,5690.431130649906,2077007.3626872157,0.029382477335640002
himachal pradesh,Shimla,4482.809087859279,1636225.317068637,0.11858080046009951
gujarat,Tapi,3988.7743536140547,1455902.63906913,0.014722314525557157
chhattisgarh,Dhamtari,1993.9702436742557,727799.1389411034,0.031308467446601894
jharkhand,Jamtara,2189.777342488798,799268.7300084112,0.028881325377260993
madhya pradesh,Datia,2382.7528624022357,869704.794776816,0.010832831716453356
assam,Nalbari,2671.239616958883,975002.4601899922,0.027187802834829973
punjab,Mansa,5373.389354401662,1961287.1143566067,0.02774543567900877
madhya pradesh,Burhanpur,2295.205500719344,837750.0077625606,0.010434810649604612
tamil nadu,Ariyalur,4968.819610120354,1813619.157693929,0.010873558907098537
jammu and kashmir,Badgam,2521.278812494798,920266.7665606013,0.060101016624908646
madhya pradesh,Anuppur,2269.1293674613203,828232.2191233819,0.010316259385704251
chhattisgarh,Kanker,1867.2187364636586,681534.8388092354,0.029318269523688958
assam,Bongaigaon,2557.572276631547,933513.8809705146,0.026030899793276028
tamil nadu,The Nilgiris,4840.467838351936,1766770.7609984567,0.010592679209169526
odisha,Kandhamal,2112.868041330866,771196.8350857662,0.017465721457872067
madhya pradesh,Alirajpur,2207.8368256638896,805860.4413673197,0.010037601954947522
jharkhand,Latehar,2012.434172759249,734538.4730571258,0.026542317803745497
jharkhand,Kodarma,1982.7616353539813,723707.9969042032,0.026150961938040687
madhya pradesh,Dindori,2133.7121611470325,778804.9388186669,0.009700605185614034
bihar,Arwal,2301.802674103276,840157.9760476956,0.0078087169794990524
tripura,North Tripura,2094.8098211523643,764605.584720613,0.1888847788341435
madhya pradesh,Sheopur,2083.246817537457,760385.0884011717,0.009471172002063316
uttarakhand,Pauri Garhwal,4426.376581102243,1615627.4521023186,0.06813911395783505
assam,Dhemaji,2375.23719265466,866961.5753189508,0.02417509835877968
punjab,Rupnagar,4779.165513959641,1744395.4125952693,0.02467716754198792
rajasthan,Jaisalmer,2893.0525595156005,1055964.1842231941,0.009772928885307772
assam,Hailakandi,2282.3335711421064,833051.7534668688,0.023229527872220122
chhattisgarh,Korea,1642.775823695624,599613.1756489028,0.025794162957750413
bihar,Sheohar,2155.3312192168264,786695.8950141417,0.007311822024231298
madhya pradesh,Umaria,1952.705636141336,712737.5571915876,0.008877685924491051
meghalaya,West Garo Hills,1304.7898382114633,476248.29094718414,0.21682341334643798
jammu and kashmir,Rajouri,2148.879698477397,784341.08994425,0.051223947880371594
goa,South Goa,6327.392641409341,2309498.3141144095,0.4391616302548088
bihar,Sheikhpura,2089.959830153439,762835.3380060052,0.007090053806870278
uttarakhand,Almora,4009.2568724646226,1463378.7584495873,0.06171802283733211
uttarakhand,Tehri Garhwal,3986.2320448821383,1454974.6963819806,0.061363581383525274
punjab,Faridkot,4310.628909163954,1573379.5518448432,0.022257884036881215
jammu and kashmir,Kathua,2061.9765368662224,752621.4359561712,0.04915239263036646
odisha,Malkangiri,1767.257000995426,645048.8053633305,0.01460877722605815
punjab,Shahid Bhagat Singh Nagar,4274.343307892659,1560135.3073808206,0.022070523741591585
odisha,Nuapada,1759.1584084293174,642092.8190767008,0.01454183136896082
odisha,Subarnapur,1758.5848782084436,641883.4805460819,0.014537090363422614
punjab,Fatehgarh Sahib,4189.548925699046,1529185.3578801516,0.021632688899944196
jharkhand,Simdega,1659.7630965925302,605813.5302562736,0.021890882288231713
punjab,Barnala,4157.186469467087,1517373.0613554867,0.021465585720074492
gujarat,Narmada,2917.59274792424,1064921.3529923477,0.01076865078956065
gujarat,Porbandar,2893.631098717253,1056175.3510317972,0.010680209853848982
delhi,Central Delhi,6294.994547509352,2297673.0098409136,0.041428536059872456
himachal pradesh,Solan,3195.862175976336,1166489.6942313625,0.08453804022432765
odisha,Jharsuguda,1670.1689982287025,609611.6843534764,0.013806213137788537
odisha,Gajapati,1665.3040785662145,607835.9886766683,0.013765997975233275
madhya pradesh,Harda,1727.702829156625,630611.5326421681,0.007854744106959181
tamil nadu,Perambalur,3720.378127910748,1357938.016687423,0.008141521307821966
haryana,Panchkula,4192.2309693904845,1530164.3038275267,0.02214045880273098
jammu and kashmir,Pulwama,1874.6731290749315,684255.69211235,0.04468754520064982
jammu and kashmir,Udhampur,1856.4261411384825,677595.5415155462,0.04425258238737892
karnataka,Kodagu,3853.9135410780145,1406678.4424934753,0.010006624537423764
chhattisgarh,Dantewada,1330.43707326611,485609.5317421302,0.020889953563875293
jharkhand,Khunti,1472.3740608079652,537416.5321949073,0.019419378172441493
himachal pradesh,Sirmaur,2917.947948118179,1065051.0010631352,0.0771865579388288
himachal pradesh,Una,2870.1355766475654,1047599.4854763614,0.07592180872248676
himachal pradesh,Chamba,2858.6092816132423,1043392.3877888334,0.07561691122078162
manipur,Imphal West,1945.1395390832506,709975.9317653865,0.18138283083443696
uttarakhand,Pithoragarh,3113.594299761647,1136461.9194130013,0.047930299856478474
assam,Chirang,1669.1357437767258,609234.5464785049,0.016988417369323335
manipur,Senapati,1799.2743514816086,656735.1382907871,0.16778100941454463
jammu and kashmir,Punch,1595.014205806946,582180.1851195353,0.03802117196444196
jharkhand,Lohardaga,1278.3357634460651,466592.55365781375,0.016860175876837583
manipur,Imphal East,1712.7743876157908,625162.6514797637,0.15971495142856942
himachal pradesh,Hamirpur,2504.4386718438204,914120.1152229945,0.06624826901836404
odisha,Baudh,1271.4559763877285,464081.43138152093,0.010510308971092683
himachal pradesh,Kullu,2411.5619562423585,880220.1140284608,0.06379146234552273
jammu and kashmir,Kulgam,1419.8966416549752,518262.27420406597,0.03384680474164485
manipur,Thoubal,1585.305697647257,578636.5796412488,0.14782858987728106
jammu and kashmir,Doda,1371.2368921569864,500501.46563730005,0.03268687732740987
mizoram,Aizawl,2237.7630326234116,816783.5069075453,0.3648439764273983
meghalaya,Jaintia Hills,801.4316693898504,292522.5593272954,0.13317788430911975
jammu and kashmir,Bandipora,1312.0169701722193,478886.1941128601,0.03127522166358804
uttarakhand,Chamoli,2522.136393129557,920579.7834922883,0.038825467277766694
meghalaya,West Khasi Hills,777.7755574855018,283888.0784822082,0.1292468306026953
himachal pradesh,Bilaspur,2103.4579771285107,767762.1616519064,0.05564139042583969
nagaland,Dimapur,1078.322666340494,393587.7732142803,0.19146354160875248
tripura,Dhalai,1141.758547345055,416741.869780945,0.10295006664549035
dadra & nagar haveli and daman & diu,Dadra and Nagar Haveli,,,0.5855788168108002
uttarakhand,Uttarkashi,2125.922583885709,775961.7431182839,0.032726199082874066
jammu and kashmir,Samba,1066.7145662617545,389350.81668554037,0.025427822406317944
meghalaya,East Garo Hills,644.8323868897184,235363.82121474718,0.10715500310257647
jammu and kashmir,Reasi,1052.5618612280023,384185.07934822084,0.025090457115218182
odisha,Debagarh,900.7018322990032,328756.16878913617,0.007445522868347421
jammu and kashmir,Ganderbal,994.9575753886627,363159.5150168619,0.02371731419911585
jammu and kashmir,Ramban,949.020657821062,346392.5401046876,0.022622292326586184
sikkim,East Sikkim,1818.5095430392466,663755.983209325,0.46445083912430374
manipur,Churachandpur,1029.4490815744252,375748.9147746652,0.09599536941390031
nagaland,Kohima,762.854127011244,278441.75635910407,0.1354499515289851
jammu and kashmir,Shupiyan,890.4898063248215,325028.77930855984,0.021227062389534992
uttarakhand,Bageshwar,1673.8759829460441,610964.7337753061,0.025767447541673393
uttarakhand,Champawat,1672.2658551430734,610377.0371272218,0.025742661426022568
meghalaya,Ri Bhoi,525.0062595662853,191627.2847416941,0.08724289988604225
chhattisgarh,Bijapur,636.3254757152025,232258.79863604892,0.009991310304191025
nagaland,Mon,712.3896361995086,260022.21721282063,0.12648963710928773
uttarakhand,Rudraprayag,1560.4392589711438,569560.3295244675,0.024021216121841407
andaman and nicobar islands,South Andaman,1641.3741778296942,599101.5749078384,0.6257327612255998
manipur,Bishnupur,891.4697165956707,325386.4465574198,0.08312889515140098
jammu and kashmir,Kishtwar,771.6786670920535,281662.7134885995,0.01839490030620425
gujarat,The Dangs,1128.3475369455928,411846.85098514135,0.004164659582209617
assam,Dima Hasao,741.1726785065694,270528.0276548978,0.007543634993232284
puducherry,Karaikal,1451.330102493652,529735.487410183,0.16044033709602845
nagaland,Tuensang,559.6297966845625,204264.8757898653,0.09936608605904872
nagaland,Mokokchung,554.0106120691311,202213.87340523285,0.09836836151795651
dadra & nagar haveli and daman & diu,Daman,,,0.32570243766142615
manipur,Ukhrul,690.9407576028973,252193.3765250575,0.06442971726952294
arunachal pradesh,Papumpare,662.073118924569,241656.68840746768,0.1276068183969815
nagaland,Wokha,473.5116648858581,172831.75768333822,0.08407522458910832
nagaland,Phek,465.1853654936918,169792.6584051975,0.08259683336180605
mizoram,Lunglei,902.3969254509193,329374.87778958556,0.14712642840086548
arunachal pradesh,Changlang,555.7840107248172,202861.1639145583,0.10712084103294942
sikkim,South Sikkim,941.6930013269953,343717.9454843533,0.24051020591997402
arunachal pradesh,Lohit,546.4100815436207,199439.67976342156,0.10531412626912678
manipur,Chandel,541.4255606729472,197620.32964562572,0.050487535165351566
meghalaya,South Garo Hills,288.6966502438094,105374.27733899043,0.047974157442357966
delhi,New Delhi,1535.0913685336552,560308.3495147842,0.010102723304447947
jammu and kashmir,Kargil,470.9830239098006,171908.8037270772,0.011227063984265751
nagaland,Zunheboto,400.6786063395439,146247.69131393352,0.07114321845517468
manipur,Tamenglong,528.1661132056062,192780.63132004623,0.04925110144499218
chhattisgarh,Narayanpur,348.59157628217537,127235.92534299401,0.005473435751016688
sikkim,West Sikkim,874.9055814507908,319340.53722953866,0.22345257027369195
jammu and kashmir,Leh,446.5143315623892,162977.73102027207,0.010643791210832814
mizoram,Champhai,702.9257711848369,256567.90648246548,0.11460473238389145
mizoram,Lawngtlai,659.0379805802629,240548.86291179596,0.10744928481980594
arunachal pradesh,West Siang,420.97940995586566,153657.48463389097,0.0811388373573689
arunachal pradesh,Tirap,419.85828802579454,153248.275129415,0.08092275427161573
andaman and nicobar islands,North and Middle Andaman,727.8186504534361,265653.8074155042,0.27746261636813185
arunachal pradesh,East Siang,372.0100039132947,135783.65142835258,0.07170055943115947
nagaland,Peren,271.05022284536483,98933.33133855817,0.04812681513589574
arunachal pradesh,Kurung Kumey,345.24556131514225,126014.62988002693,0.06654202743749309
mizoram,Mamit,482.78246691802667,176215.60042507973,0.07871265742258063
himachal pradesh,Kinnaur,463.26013596861276,169089.94962854366,0.01225431569084413
mizoram,Kolasib,469.31594194459416,171300.31880977686,0.07651708065759757
arunachal pradesh,West Kameng,314.76529318956347,114889.33201419067,0.06066731371144742
arunachal pradesh,Upper Subansiri,312.8942569249966,114206.40377762377,0.060306693444588416
arunachal pradesh,Lower Subansiri,311.32693596590065,113634.33162755374,0.06000461073607728
arunachal pradesh,East Kameng,295.05379490734333,107694.63514118032,0.05686815390608119
nagaland,Kiphire,210.65964451893407,76890.77024941094,0.03740405620009483
mizoram,Serchhip,363.0036248234901,132496.3230605739,0.059183963631259766
lakshadweep,Lakshadweep,173.58904109589042,63360.00000000001,1.0
mizoram,Saiha,316.25370852925346,115432.6036131775,0.051561876256600865
puducherry,Yanam,403.21087733272003,147171.97022644282,0.044573794045128304
arunachal pradesh,Lower Dibang Valley,202.77683604764422,74013.54515739014,0.03908285377101118
dadra & nagar haveli and daman & diu,Diu,,,0.0887187455277738
nagaland,Longleng,143.7076576116678,52453.29502825875,0.02551627443388988
arunachal pradesh,Tawang,187.39234347546443,68398.20536854451,0.03611767350062548
sikkim,North Sikkim,280.28913445694,102305.53407678311,0.07158638468203027
puducherry,Mahe,303.10764833971575,110634.29164399624,0.033507672163935666
andaman and nicobar islands,Nicobars,253.93045938810283,92684.61767665754,0.09680462240626832
arunachal pradesh,Upper Siang,132.43487147194517,48338.72808725999,0.025525266183286155
himachal pradesh,Lahul and Spiti,173.8251201449494,63446.168852906536,0.004598081578509576
arunachal pradesh,Anjaw,79.36718359135516,28969.022010844634,0.015297092562333468
arunachal pradesh,Dibang Valley,30.011571666518954,10954.223658279418,0.0057843779878545415
